english, hindi
Naresh_Chandra,नरेश चन्द्रा
Ram_Narayan,राम नारायण
Man_Mohan_Sharma,मनमोहन शर्मा
Kalu_Lal_Shrimali,के॰ एल॰ श्रीमाली
Nagendra_Singh,नगेन्द्र सिंह
Daulat_Singh_Kothari,दौलत सिंह कोठारी
Mohan_Sinha_Mehta,मोहन सिंह मेहता
Manikya_Lal_Varma,माणिक्यलाल वर्मा
Ghanshyam_Das_Birla,घनश्यामदास बिड़ला
Padma_Bhushan,पद्म भूषण
Komal_Kothari,कोमल कोठारी
Durga_Lal,दुर्गा लाल
Jagat_Singh_Mehta,जगत मेहता
Ram_Narain_Agarwal,रामनारायण अग्रवाल
L._M._Singhvi,लक्ष्मीमल्ल सिंघवी
Natwar_Singh,नटवर सिंह
Bhogilal_Pandya,भोगीलाल पांड्या
Narayandas_Malkani,एन आर मलकानी
Lt_Gen_Sagat_Singh,सगत सिंह
Gokulbhai_Bhatt,गोकुलभाई भट्ट
Prabhu_Lal_Bhatnagar,प्रभु लाल भटनागर
Rao_Raja_Hanut_Singh,राव राजा हनुत सिंह
Padma_Shri,पद्म श्री
Krishna_Poonia,कृष्णा पूनिया
Arjun_Prajapati,अर्जुन प्रजापति
Vijaydan_Detha,विजयदान देथा
Rajyavardhan_Singh_Rathore,राज्यवर्धन सिंह राठौड़
Kanhaiyalal_Sethia,कन्हैयालाल सेठिया
Vishwa_Mohan_Bhatt,विश्व मोहन भट्ट
Kailash_Sankhala,कैलाश सांखला
Lashmi_Kumari_Chundawat,लक्ष्मी कुमारी चूड़ावत
Allah_Jilai_Bai,अल्लाह जिलाई बाई
Shree_Lal_Joshi,श्री लाल जोशी
Sita_Ram_Lalas,सीताराम लालस
Kripal_Singh_Shekhawat,कृपाल सिह शेखावत
Yudhvir_Singh,युद्धवीर सिंह
Sis_Ram_Ola,शीशराम ओला
Kanwar_Sain,कुँवर सैन
Sudhir_Tailang,सुधीर तैलंग
Magsaysay_Award,रेमन मैगसेसे पुरस्कार
Rajendra_Singh,राजेन्द्र सिंह
Lalit_Kala_Akademi_Fellowship,ललित कला अकादमी के सभासदों की सूची
Kala_Nath_Shastry,कलानाथ शास्त्री
Godfrey_Phillips_National_Bravery_Awards,रेड एंड व्हाइट गोल्ड अवार्ड
Piru_Singh_Shekhawat,पीरू सिंह
Kishan_Singh_Rathore,किशन सिंह राठौड़
Digendra_Kumar,दिगेंद्र कुमार
Hanut_Singh,राव राजा हनुत सिंह
Amar_Singh_Rathore,अमरसिंह राठौड़
Bhanu_Pratap_Singh,भानु प्रताप सिंह
Bhairon_Singh_Shekhawat,भैरोंसिंह शेखावत
Hari_Dev_Joshi,हरिदेव जोशी
Mohan_Lal_Sukhadia,मोहन लाल सुखाड़िया
Karnataka,कर्नाटक
Tamil_Nadu,तमिल नाडु
Andhra_Pradesh,आन्ध्र प्रदेश
Nawal_Kishore_Sharma,नवल किशोर शर्मा
Sunder_Singh_Bhandari,सुन्दर सिंह भण्डारी
Ajai_Singh,अजय सिंह
Banwari_Lal_Joshi,बनवारी लाल जोशी
Shiv_Charan_Mathur,शिवचरण माथुर
Jagannath_Pahadia,जगन्नाथ पहाड़िया
Kamla_Beniwal,कमला बेनीवाल
Heera_Lal_Shastri,हीरा लाल शास्त्री
Jai_Narayan_Vyas,जय नारायण व्यास
Barkatullah_Khan,बरकतुल्लाह ख़ान
Hira_Lal_Devpura,हीरा लाल देवपुरा
Ashok_Gehlot,अशोक गहलोत
Tika_Ram_Paliwal,टीका राम पालीवाल
Hari_Shankar_Bhabhra,हरिशंकर भाभड़ा
Jaswant_Singh,जसवंत सिंह
Kalyan_Singh_Kalvi,कल्याण सिंह कालवी
Nathuram_Mirdha,नाथूराम मिर्धा
Subhash_Maharia,सुभाष महरिया
Girija_Vyas,गिरिजा व्यास
Rajesh_Pilot,राजेश पायलट
Ram_Niwas_Mirdha,राम निवास मिर्धा
Kailash_Meghwal,कैलाश चन्द्र मेघवाल
Jaskaur_Meena,जसकौर मीणा
Sachin_Pilot,सचिन पायलट
Namo_Narain_Meena,नमो नारायण मीणा
Kirori_Lal_Meena,किरोड़ी लाल मीणा
Sanwar_Lal_Jat,सांवर लाल जाट
Deependra_Singh_Shekhawat,दीपेन्द्र सिंह शेखावत
Sumitra_Singh,सुमित्रा सिंह
Parasram_Maderna,परसराम मदेरणा
Laxman_Singh,लक्ष्मण सिंह
Kailash_Chandra_Meghwal,कैलाश चन्द्र मेघवाल
Gayatri_Devi,गायत्री देवी
Rawal_Umed_Singh_Rathore_Barmer,उम्मेद सिँह (राजनीतिज्ञ)
Jawan_Singh,जवान सिंह
Chaudhari_Kumbharam_Arya,कुंभाराम आर्य
Mamta_Sharma,ममता शर्मा
Maharaja_Karni_Singh,करणी सिंह
Devendra_Jhajharia,देवेन्द्र झाझड़िया
Parthasarathy_Sharma,पार्थसारथी शर्मा
Gangotri_Bhandari,गंगोत्री भण्डारी
Abhijeet_Gupta,अभिजीत गुप्ता
Guru_Hanuman,गुरु हनुमान
Lakshmi_Mittal,लक्ष्मी मित्तल
Jamnalal_Bajaj,जमनालाल बजाज
Chanda_Kochhar,चंदा कोचर
Desh_Bandhu_Gupta,देश बंधु गुप्ता
Rajendra_Mal_Lodha,राजेन्द्र मल लोढ़ा
Dalveer_Bhandari,दलवीर भंडारी
Kan_Singh_Parihar,कान सिंह परिहार
Milap_Chand_Jain,मिलाप चंद जैन
Rajendra_Singh_Paroda,राजेंद्र सिंह परोदा
Kamla_Nath_Sharma,कमलानाथ
P._K._Sethi,प्रमोद करण सेठी
Karpoor_Chand_Kulish,कर्पूर चन्द्र कुलिश
Rajasthan_Patrika,राजस्थान पत्रिका
Ved_Pratap_Vaidik,वेद प्रताप वैदिक
Kunwar_Natwar_Singh,नटवर सिंह
Nand_Kishore_Acharya,नंदकिशोर आचार्य
Acharya_Rajendrasuri,राजेन्द्रसूरी
Bhatt_Mathuranath_Shastri,भट्ट मथुरानाथ शास्त्री
Mandan_Mishra,डॉ मंडन मिश्र
Vidyadhar_Shastri,विद्याधर शास्त्री
Suvigya_Sharma,सुविज्ञ शर्मा
Ananya_Birla,अनन्या बिड़ला
Ila_Arun,ईला अरुण
Jagjit_Singh,जगजीत सिंह
Mehdi_Hassan,मेहदी हसन
Sandeep_Acharya,संदीप आचार्य
Shreya_Ghoshal,श्रेया घोषाल
Wasifuddin_Dagar,वासिफुद्दीन डागर
Zia_Fariddudin_Dagar,ज़िया फ़रीदुद्दीन डागर
Roop_Kumar_Rathod,रूप कुमार राठौड
Shravan_Kumar,श्रवणकुमार
Bharat_Vyas,भरत व्यास
Tarachand_Barjatya,ताराचंद बड़जात्या
Om_Shivpuri,ओम शिवपुरी
Mani_Kaul,मणि कौल
Hasrat_Jaipuri,हसरत जयपुरी
Irrfan_Khan,इरफ़ान ख़ान
Karmveer_Choudhary,कर्मवीर चौधरी
Pinchoo_Kapoor,पिंचू कपूर
K._C._Bokadia,के॰ सी॰ बोकाड़िया
Annu_Kapoor,अन्नू कपूर
Smita_Bansal,स्मिता बंसल
Sakshi_Tanwar,साक्षी तंवर
Hanuman_Prasad_Poddar,हनुमान प्रसाद पोद्दार
Bhanwari_Devi,भंवरी देवी
Rao_Gopal_Singh_Kharwa,राव गोपाल सिंह खरवा
Lothoo_Nitharwal,लोठू निठारवाल
Sagarmal_Gopa,सागरमल गोपा
Bharat_Pratap_Singh,प्रतापसिंह बारहठ
Swami_Keshwanand,स्वामी केशवानन्द
Hanuman_Singh_Budania,हनुमानसिंह बुडानिया
Vijay_Singh_Pathik,विजय सिंह पथिक
Rao_Tula_Ram,राव तुला राम
Guru_Jambheshwar,गुरु जम्भेश्वर
Baba_Ramdevji,रामदेव पीर
Mata_Rani_Bhatiyani,रानी भटियानी
Gogaji,गोगाजी
Dadu_Dayal,दादूदयाल
Karmabai,कर्माबाई
Acharya_Mahaprajna,आचार्य महाप्रज्ञ
Rana_Pratap_Singh,महाराणा प्रताप
Rawal_Mallinath,रावल मल्लिनाथ
Bappa_Rawal,बप्पा रावल
Vigraharaja_IV,विग्रहराज चौहान
Prithvi_Raj_Chauhan,पृथ्वीराज चौहान
Hammir_Dev_Chauhan,हम्मीर चौहान
Rana_Sanga,राणा सांगा
Rao_Jodha,राव जोधा
Rao_Bika,राव बीका
Maharana_Udai_Singh,उदयसिंह द्वितीय
Raja_Man_Singh,राजा मान सिंह
Durga_Das_Rathore,दुर्गादास राठौड
Jai_Singh_II,जय सिंह द्वितीय
Badan_Singh,बदन सिंह
Maharana_Hammir,राणा हम्मीर सिंह
Rana_Kumbha,महाराणा कुम्भा
Maharaja_Jaswant_Singh,महाराजा जसवंत सिंह (मारवाड़)
Maharaja_Ganga_Singh,गंगा सिंह
Maharaja_Suraj_Mal,सूरज मल
Panna_Dhai,पन्ना धाय
Hada_Rani,हाड़ी रानी
Rani_Padmini,पद्मिनी
Lok_Sabha,लोक सभा
Gambhari_Devi,गंभरी देवी
Sobha_Singh,सोभा सिंह
Vikram_Batra,विक्रम बत्रा
Param_Vir_Chakra,परमवीर चक्र
Saurabh_Kalia,सौरभ कालिया
Victoria_Cross,विक्टोरिया क्रास
Som_Nath_Sharma,सोमनाथ शर्मा
Dhan_Singh_Thapa,धनसिंह थापा
Sher_Jung_Thapa,शेर जंग थापा
Mahavir_Chakra,महावीर चक्र
Ravi_Bhatia,रवि भाटिया
Mohit_Chauhan,मोहित चौहान
Prem_Chopra,प्रेम चोपड़ा
Shipra_Khanna,शिप्रा खन्ना
Anupam_Kher,अनुपम खेर
Kangana_Ranaut,कंगना राणावत
Priya_Rajvansh,प्रिया राजवंश
Asmita_Sood,अस्मिता सूद
Prem_Kumar_Dhumal,प्रेम कुमार धूमल
Shanta_Kumar,शांता कुमार
Virbhadra_Singh,वीरभद्र सिंह
Anurag_Thakur,अनुराग ठाकुर
Jagat_Prakash_Nadda,जगत प्रकाश नड्डा
Anand_Sharma,आनंद शर्मा
Jai_Ram_Thakur,जयराम ठाकुर
Professor,प्रोफ़ेसर
Madan_Lal,मदन लाल
Rishi_Dhawan,ऋषि धवन
Sushma_Verma,सुषमा वर्मा
Samaresh_Jung,समरेश जंग
Shiva_Keshavan,शिवा केशवन
Suman_Rawat,सुमन रावत
Manavjit_Singh_Sandhu,मानवजीत सिंह सन्धू
Charanjit_Singh,चरणजीत सिंह
Tenzin_Gyatso,तेनजिन ग्यात्सो
Nobel_Peace_Prize,नोबल शांति पुरस्कार
Baba_Kanshi_Ram,बाबा कांशीराम
Kinkri_Devi,किंकरी देवी
Shyam_Saran_Negi,श्याम सरन नेगी
General_Zorawar_Singh,जोरावर सिंह कहलुरिया
Thakur_Ram_Singh,ठाकुर रामसिंह
Amitabh_Mattoo,अमिताभ मट्टू
Subhash_Kak,सुभाष काक
Shah_Faesal,शाह फैसल
Bhajan_Sopori,भजन सोपोरी
Dina_Nath_Walli,दीना नाथ वल्ली
Ghulam_Rasool_Santosh,गुलाम रसूल सन्तोष
Rahul_Bhat,राहुल भट
Tochi_Raina,तोची रैना
Malika_Pukhraj,मलिका पुखराज
Pandit_Shivkumar_Sharma,शिवकुमार शर्मा
Jitendra_Udhampuri,जितेन्द्र उधमपुरी
Zaira_Wasim,ज़ायरा वसीम
Bana_Singh,बन्ना सिंह
Chewang_Rinchen,चेवांग रिंचेन
General_Bikram_Singh,बिक्रम सिंह
Rajinder_Singh,राजिन्दर सिंह
Hina_Khan,हिना खान
Sandeepa_Dhar,संदीपा धर
K._K._Raina,के॰ के॰ रैना
Kiran_Kumar,किरण कुमार
KL_Saigal,कुन्दन लाल सहगल
Kunal_Khemu,कुणाल खेमू
Loveleen_Kaur_Sasan,लवलीन कौर सासन
M._K._Raina,महाराज कृष्ण रैना
Mohammed_Iqbal_Khan,इक़बाल खान
Mohit_Raina,मोहित रैना
Mukesh_Rishi,मुकेश ऋषि
Om_Prakash,ओम प्रकाश
Raaj_Kumar,राज कुमार
Raj_Zutshi,राजेन्द्रनाथ ज़ुत्शी
Sana_Dua,सना दुआ
Sanjay_Kak,संजय काक
Sanjay_Suri,संजय सूरी
Shaheer_Sheikh,शहीर शेख
Siddharth_Kak,सिद्धार्थ काक
Tej_Sapru,तेज सप्रू
Vidhu_Vinod_Chopra,विधु विनोद चोपड़ा
Vidyut_Jamwal,विद्युत जामवाल
Vivek_Mushran,विवेक मुशरान
Nidhi_Razdan,निधि राज़दान
Shujaat_Bukhari,शुजात बुखारी
Adarsh_Sein_Anand,ए एस आनंद
Mehr_Chand_Mahajan,मेहरचंद महाजन
Deen_Bandhu_Sharma,बंधु शर्मा
Farooq_Nazki,एम. फ़ारूक़ नाज़की
Habba_Khatun,हब्बा ख़ातून
Moti_Lal_Kemmu,मोती लाल केम्मू
Padma_Sachdev,पद्मा सचदेव
Bakshi_Ghulam_Mohammad,बख्शी ग़ुलाम मोहम्मद
Farooq_Abdullah,फारूक अब्दुल्ला
Cabinet_Minister,मंत्री
Ghulam_Nabi_Azad,ग़ुलाम नबी आज़ाद
Karan_Singh,कर्ण सिंह
Omar_Abdullah,उमर अब्दुल्ला
Shamma_Jain,शमा जैन
Sheikh_Abdullah,शेख़ अब्दुल्ला
Mehbooba_Mufti,महबूबा मुफ़्ती
Mufti_Mohammad_Sayeed,मुफ़्ती मोहम्मद सईद
Gulab_Singh,महाराज गुलाब सिंह
Hari_Singh,महाराज हरि सिंह
Parvez_Rasool,परवेज़ रसूल
Chain_Singh,चैन सिंह
Durga_Das_Basu,दुर्गा दास बसु
Bahasa_Indonesia,इंडोनेशियाई भाषा
Fakhruddin_Ali_Ahmed,फ़ख़रुद्दीन अली अहमद
Devakanta_Barua,देवकांत बरुआ
Gopinath_Bordoloi,गोपीनाथ बोरदोलोई
Bharat_Ratna,भारत रत्‍न
Harishankar_Brahma,एच॰ एस॰ ब्रह्मा
Ranjan_Gogoi,रंजन गोगोई
Krishna_Kanta_Handiqui,कृष्णकांत हांदिकी
Nabakanta_Barua,नवकांत बरुआ
Mamoni_Raisom_Goswami,इंदिरा रायसम गोस्वामी
Bhabendra_Nath_Saikia,भवेन्द्रनाथ सइकीया
Jaya_Battacharya,जया भट्टाचार्य
Devoleena_Bhattacharjee,देवोलीना भट्टाचार्य
Seema_Biswas,सीमा बिस्वास
Priyadarshini_Chatterjee,प्रियदर्शनी चटर्जी
Angoorlata_Deka,अंगूरलता डेका
Monikangana_Dutta,मोनिकंगना दत्ता
Zubeen_Garg,जुबिन गर्ग
Adil_Hussain,आदिल हुसैन
Mohini,मोहिनी अवतार
Rati_Pandey,रति पांडे
Jyoti_Prasad_Agarwala,ज्योतिप्रसाद आगरवाला
Bhupen_Hazarika,भूपेन हाजरिका
Reema_Kagti,रीमा कागती
Rima_Das,रीमा दास
Arnab_Goswami,अर्णव गोस्वामी
Ananda_Chandra_Barua,आनंद चंद्र बरुआ
Dipali_Borthakur,दीपाली बरठाकुर
Bishnu_Prasad_Rabha,विष्णुप्रसाद राभा
Dipali_Barthakur,दीपाली बरठाकुर
Parveen_Sultana,परवीन सुल्ताना
Kalpana_Patowary,कल्पना पटवारी
Pratima_Barua_Pandey,प्रतिमा बरुआ पांडे
Chandra_Kumar_Agarwala,चंद्रकुमार अग्रवाल
Hemchandra_Barua,हेमचन्द्र बरुआ
Lakshminath_Bezbaroa,लक्ष्मीनाथ बेजबरुवा
Birendra_Kumar_Bhattacharya,वीरेन्द्र कुमार भट्टाचार्य
Nalinidhar_Bhattacharya,नलिनीधर भट्टाचार्य
Hiren_Bhattacharyya,हीरेन भट्टाचार्य
Dhrubajyoti_Bora,ध्रुव ज्योति बोरा
Mahim_Bora,महिमा बरा
Saurabh_Kumar_Chaliha,सौरभ कुमार चालिहा
Rebati_Mohan_Dutta_Choudhury,शीलभद्र (राबती मोहन दत्त चौधुरी)
Rita_Chowdhury,रीता चौधुरी
Jogesh_Das,जोगेश दास
Harekrishna_Deka,हरेकृष्ण डेका
Nalini_Bala_Devi,नलिनी बाला देवी
Jatindra_Nath_Duwara,जतीन्द्रनाथ दुवेरा
Hiren_Gohain,हीरेन गोहार्इं
Hemchandra_Goswami,हेमचंद्र गोस्वामी
Krishna_Kanta_Handique,कृष्णकांत हांदिकी
Atul_Chandra_Hazarika,अतुलचंद्र हज़ारिका
Banikanta_Kakati,बाणीकांत काकति
Madhava_Kandali,माधव कंदलि
Rudra_Kandali,रुद्र कंदलि
Syed_Abdul_Malik,सैयद अब्दुल मलिक
Nilmani_Phookan,नीलमणि फूकन (कनिष्ठ)
Mitra_Phukan,मित्रा फुकन
Arupa_Kalita_Patangia,अरूपा पतंगीया कलिता
Bishnuprasad_Rabha,विष्णुप्रसाद राभा
Jyoti_Prasad_Rajkhowa,ज्योति प्रसाद राजखोवा
Hema_Saraswati,हेम सरस्वती
Benudhar_Sharma,बेनुधर शर्मा
Harivara_Vipra,हरिवर विप्र
Gopaldeva_Bhawanipuria_Aata,गोपालदेव
Haribar_Bipra,हरिवर विप्र
Nalinibala_Devi,नलिनी बाला देवी
Madhav_Kandali,माधव कंदलि
Hem_Saraswati,हेम सरस्वती
Kanaklata_Baruah,कनकलता बरुआ
Lachit_Borphukan,लाचित बोड़फुकन
Maniram_Dewan,मनिराम देवान
Kushal_Konwar,कुशल कोंवार
Tarun_Ram_Phukan,तरुण राम फुकन
Kumar_Bhaskara_Varman,भास्कर वर्मन
Badruddin_Ajmal,बदरुद्दीन अजमल
Debakanta_Barua,देवकांत बरुआ
Prafulla_Kumar_Mahanta,प्रफुल्ल कुमार महन्त
Himanta_Biswa_Sarma,हिमन्त विश्व शर्मा
Sarbananda_Sonowal,सर्बानन्द सोणोवाल
Syeda_Anwara_Taimur,सैयदा अनवरा तैमूर
Kalicharan_Brahma,कालीचरन ब्रह्म
Abhijeet_Bhattacharya,अभिजीत भट्टाचार्य
Hima_Das,हिमा दास
Gokul_Sharma,गोकुल शर्मा
Shiva_Thapa,शिवा थापा
Riyan_Parag,रियान पराग
Robin_Banerjee,रोबिन बनर्जी
Jadav_Payeng,जादव पायेंग
Uddhab_Bharali,उद्धव भराली
Joyanti_Chutia,जॉयन्ति चुटिया
Ahmedabad_Mirror,द टाइम्स ऑफ़ इण्डिया
Chhota_Udaipur,छोटा उदयपुर
Kachchh,कच्छ जिला
Kheda,खेड़ा
Mehsana,महेसाणा
Gandhidham,गांधीधाम
Sardar_Sarovar_Dam,सरदार सरोवर परियोजना
Rani_Rudrama_Devi,रुद्रम देवी
Mir_Mahbub_Ali_Khan,महबूब अली खान
Mir_Osman_Ali_Khan,मीर उस्मान अली ख़ान
Kaloji,कालोजी नारायण राव
Cingireddy_Narayana_Reddy,सी॰ नारायण रेड्डी
Ali_Yavar_Jung,अली यावर जंग
Padmaja_Naidu,पद्मजा नायडू
Paidi_Jairaj,पैडी जयराज
C._Narayanareddy,सी॰ नारायण रेड्डी
Harindranath_Chattopadhyay,हरींद्रनाथ चट्टोपाध्याय
Haroon_Khan_Sherwani,हारुन खान शेरवानी
Saina_Nehwal,साइना नेहवाल
Sania_Mirza,सानिया मिर्ज़ा
Palle_Rama_Rao,पल्ले रामा राव
Mohammad_Azharuddin,मोहम्मद अजहरुद्दीन
Pusarla_Venkata_Sindhu,पी॰वी॰ सिंधु
Kidambi_Srikanth,श्रीकांत किदम्बी
Parupalli_Kashyap,पी॰ कश्यप
Gagan_Narang,गगन नारंग
Nerella_Venu_Madhav,नेरेला वेणुमाधव
P._V._Sindhu,पी॰वी॰ सिंधु
Sunitha_Krishnan,सुनीता कृष्णन
VVS_Laxman,वी वी एस लक्ष्मण
Mohammad_Ali_Baig,मोहम्मद अली बेग
Srikanth_Kidambi,श्रीकांत किदम्बी
Shantha_Sinha,शांता सिन्हा
Perugu_Siva_Reddy,पेरुगु शिवा रेड्डी
Suravaram_Pratap_Reddy,सुरवरम् प्रताप रेड्डी
Daasarathi_Krishnamacharyulu,दाशरथि
Kakatiya_University,काकतीय विश्वविद्यालय
Yogi_Vemana_University,योगी वेमना विश्वविद्यालय
Vijay_Deverakonda,विजय देवरकोंडा
Aditi_Rao_Hydari,अदिति राव हैदरी
Dasarathi_Krishnamacharya,दाशरथि
Shyam_Benegal,श्याम बेनेगल
Vennela_Kishore,वेन्नेला किशोर
Shabana_Azmi,शबाना आज़मी
Farah_Naaz,फरहा
Tabassum_Hashmi,तबु
Dia_Mirza_Handrich,दीया मिर्ज़ा
Nagesh_Kukunoor,नागेश कुकुनूर
Air_Chief_Marshal,एयर चीफ़ मार्शल
Muhammad_Quli_Qutb_Shah,मुहम्मद क़ुली क़ुतुब शाह
Amjad_Hyderabadi,अमजद हैदराबादी
Makhdoom_Mohiuddin,मखदूम मोहिउद्दीन
Krishnamacharyulu_Dasaradhi,दाशरथि
Kaloji_Narayana_Rao,कालोजी नारायण राव
Ampasayya_Naveen,डी. नवीन
Fani_Badayuni,फ़ानी बदायूँनी
Suravaram_Pratapareddy,सुरवरम् प्रताप रेड्डी
Waheed_Akhtar,वहीद अख़्तर
Arunodaya_Vimala,विमालक्का
Kalvakuntla_Chandrashekar_Rao,के॰ चंद्रशेखर राव
P._V._Narasimha_Rao,पी॰ वी॰ नरसिम्हा राव
Burgula_Ramakrishna_Rao,बुर्गुला रामकृष्ण राव
Marri_Chenna_Reddy,मर्री चेन्ना रेड्डी
Bandaru_Dattatreya,बण्डारू दत्तारेय
Jaipal_Reddy,एस जयपाल रेड्डी
Suravaram_Sudhakar_Reddy,सुरवरम सुधाकर रेड्डी
Sarojini_Naidu,सरोजिनी नायडू
Renuka_Chowdhury,रेणुका चौधरी
P._Shiv_Shankar,पी॰ शिव शंकर
Gutha_Sukender_Reddy,जी॰एस॰ रेड्डी
K._T._Rama_Rao,केटी राम राव
K._Kavitha,कलवाकुन्तल कविता
G._Kishan_Reddy,जी. किशन रेड्डी
Kadiyam_Srihari,काडियम श्रीहरी
Kodangal,कोडंगल
Asaduddin_Owaisi,असदुद्दीन ओवैसी
Khwaja_Bande_Nawaz,ख़्वाजा बंदे नवाज़
Maulana_Mohammad_Ali,मुहम्मद अली जौहर
Mithali_Raj,मिताली राज
Jwala_Gutta,ज्वाला गुट्टा
Komaram_Bheem,कोमाराम भीम
Mohammed_Siraj,मोहम्मद सिराज
Diya_Mirza,दीया मिर्ज़ा
Vivek_Oberoi,विवेक ओबेरॉय
Harsha_Bhogle,हर्षा भोगले
Ambati_Rayudu,अंबाती रायडू
Shivlal_Yadav,शिवलाल यादव
Abbas_Ali_Baig,अब्बास अली बेग
Mahendra_Singh_Dhoni,महेंद्र सिंह धोनी
Kariya_Munda,करिया मुंडा
Deepika_Kumari,दीपिका कुमारी
Mukund_Nayak,मुकुंद नायक
Premlata_Agarwal,प्रेमलता अग्रवाल
Ram_Dayal_Munda,राम दयाल मुंडा
Nikita_Singh,निकिता सिंह
Meiyang_Chang,मेयांग चांग
R._Madhavan,माधवन
Zeishan_Quadri,ज़ीशान कादरी
Ishita_Dutta,इशिता दत्ता
Komal_Jha,कोमल झा
Madhurima_Tuli,मधुरिमा तुली
Meenakshi_Seshadri,मीनाक्षी शेषाद्रि
Priyanka_Chopra,प्रियंका चोपड़ा
Miss_World,विश्व सुन्दरी
Shweta_Prasad,श्वेता बासु प्रसाद
Ranchi,राँची
Hollywood,हॉलीवुड
Abhishek_Chaubey,अभिषेक चौबे
Ramgarh_Cantt,रामगढ़ छावनी
Chandan_Tiwari,चंदन तिवारी
Shilpa_Rao,शिल्पा राव
Bakhtar_Say,बख्तर साय
Birsa_Munda,बिरसा मुंडा
Mundal_Singh,मुंडल सिंह
Pandey_Ganpat_Rai,पाण्डे गणपत राय
Raghunath_Mahato,रघुनाथ महतो
Raja_Arjun_Singh,राजा अर्जुन सिंह
Ram_Narayan_Singh,राम नारायण सिंह
Sheikh_Bhikhari,शेख भिखारी
Telanga_Kharia,तेलंगा खड़िया
Thakur_Vishwanath_Shahdeo,ठाकुर विश्वनाथ शाहदेव
Tikait_Umrao_Singh,टिकैत उमराँव सिंह
Tilka_Manjhi,तिलका माँझी
Anjana_Om_Kashyap,अंजना ओम कश्यप
Dayamani_Barla,दयामणि बारला
Albert_Ekka,अलबर्ट एक्का
Randhir_Prasad_Verma,रणधीर प्रसाद वर्मा
Ghasiram_Mahli,घासीराम महली
Raghunath_Shah,रघुनाथ शाह
Bindeshwari_Dubey,बिंदेश्वरी दुबे
Binod_Bihari_Mahato,बिनोद बिहारी महतो
Jaipal_Singh_Munda,जयपाल सिंह मुंडा
Madhu_Mansuri_Hasmukh,मधु मंसूरी हंसमुख
Nirmal_Mahto,निर्मल महतो
Shibu_Soren,शिबू सोरेन
Bhishma_Narain_Singh,भीष्म नारायण सिंह
Rameshwar_Thakur,रामेश्वर ठाकुर
Madhya_Pradesh,मध्य प्रदेश
Arjun_Munda,अर्जुन मुंडा
Babulal_Marandi,बाबूलाल मरांडी
Binodanand_Jha,बिनोदानंद झा
Bhagwat_Jha_Azad,भागवत झा आजाद
Hemant_Soren,हेमंत सोरेन
Krishna_Ballabh_Sahay,कृष्ण वल्लभ सहाय
Madhu_Koda,मधु कोड़ा
Raghubar_Das,रघुवर दास
Bidyut_Baran_Mahato,बिद्युत बरन महतो
Jayant_Sinha,जयंत सिन्हा
Ravindra_Kumar_Ray,रविन्द्र कुमार राय
Subodh_Kant_Sahay,सुबोधकांत सहाय
Father_Kamil_Bulke,कामिल बुल्के
Bhim_Karn,भिम कर्ण
Durjan_Sal,दुर्जन साल
Lal_Chintamani_Sharan_Nath_Shahdeo,लाल चिंतामणि शरण नाथ शाहदेव
Phani_Mukut_Rai,फणि मुकुट राय
Medini_Ray,मेदिनी राय
Ishwar_Chandra_Vidyasagar,ईश्वर चन्द्र विद्यासागर
Purnima_Mahato,पूर्णिमा महतो
Ishan_Kishan,ईशान किशन
Kirti_Azad,कीर्ति आजाद
Shahbaz_Nadeem,शाहबाज नदीम
Shubhlakshmi_Sharma,शुभलक्ष्मी शर्मा
Varun_Aaron,वरुण आरोन
Nikki_Pradhan,निक्की प्रधान
Mount_Everest,एवरेस्ट पर्वत
Narendra_Modi,नरेन्द्र मोदी
Hoysala_Empire,होयसल राजवंश
Bijapur,बीजापुर
Kodagu,कोडगु जिला
Kodavas,कोडव
Konkani,कोंकणी भाषा
Old_Kannada,प्राचीन कन्नड
Islamic,इस्लाम
Kannada,कन्नड़ भाषा
Kannada_Sahitya_Sammelana,कन्नड साहित्य सम्मेलन
North_Kanara,उत्तर कन्नड़ जिला
Gol_Gumbaz,गोल गुम्बद
Vidhana_Soudha,विधान सौध
Janapada_Loka,जनपद लोक
Kannada_Sahitya_Parishat,कन्नड साहित्य परिषद
Karnataka_Chitrakala_Parishath,कर्नाटक चित्रकला परिषत
Ananth_Nag,अनंत नाग
Anuradha_Paudwal,अनुराधा पौडवाल
Anushka_Shetty,अनुष्का शेट्टी
Atul_Kulkarni,अतुल कुलकर्णी
B._V._Karanth,ब॰ व॰ कारन्त
Bharathi_Vishnuvardhan,भारती
Daisy_Bopanna,डेज़ी बोपन्ना
Deepika_Padukone,दीपिका पादुकोण
Ganesh_Hegde,गणेश हेगड़े
G._V._Iyer,जी वी अय्यर
Guru_Dutt,गुरु दत्त
Hansika_Motwani,हंसिका मोटवानी
Harshika_Poonacha,हर्षिका पूनच्चा
Isha_Koppikar,ईशा कोपिकर
Lakshmi_Rai,राय लक्ष्मी
Leena_Chandavarkar,लीना चन्दावरकर
M._S._Sathyu,एम एस सथ्यू
Pradeep_Uppoor,प्रदीप उपूर
Prakash_Rai,प्रकाश राज
Prabhu_Deva,प्रभु देवा
Puneeth_Rajkumar,पुनीत राजकुमार
Radhika_Pandit,राधिका पंडित
Rockline_Venkatesh,रॉकलिन वेंकटेश
Rohit_Shetty,रोहित शेट्टी
Shamita_Shetty,शमिता शेट्टी
Shankar_Nag,शंकर नाग
Shilpa_Shetty,शिल्पा शेट्टी
Sneha_Ullal,स्नेहा उल्लाल
Suman_Ranganathan,सुमन रंगनाथन
Sunil_Shetty,सुनील शेट्टी
Vaishali_Desai,वैशाली देसाई
Vasundhara_Das,वसुंधरा दास
Chandrashekhar_Kambara,चन्द्रशेखर कम्बार
K._V._Subbanna,के वी सुब्बण्ण
Amarashilpi_Jakanachari,जकनाचारी
Gopala_Dasa,गोपाल दास
Jagannatha_Dasa,जगन्नाथ दास
Jyotsna_Srikanth,ज्योत्सना श्रीकांत
Kanakadasa,कनकदास
Mysore_Sadasiva_Rao,मैसूर सदाशिव राव
Mysore_Vasudevacharya,मैसूर कन्कन्हहल्ली वासुदेवाचारी
R._K._Srikanthan,रुद्रपतना कृष्णाशास्त्री श्रीकांतन
Vijaya_Dasa,विजय दास
Basavaraja_Rajaguru,बसवराज राजगुरु
Bhimsen_Joshi,भीमसेन जोशी
Gangubai_Hangal,गंगूबाई हंगल
Kumar_Gandharva,कुमार गंधर्व
Lalith_J._Rao,ललिथ जे. राव
Mallikarjun_Mansur,मल्लिकार्जुन बी मंसूर
Nagaraja_Rao_Havaldar,नागराज राव हवलदार
Sanjeev_Chimmalgi,संजीव चिमलगी
Sawai_Gandharva,सवाई गंधर्व
Shobha_Gurtu,शोभा गुर्टू
Smita_Bellur,स्मिता बेलूर
Pandit_Narasimhalu_Vadavati,पंडित नरसिंहलु वडवाटि
Raghu_Dixit,रघु दीक्षित
Aliya_Rama_Raya,आलिया राम राय
Abbakka_Rani,अब्बक्का रानी
Chand_Bibi,चांद बीबी
Deva_Raya_II,देव राय द्वितीय
Dhruva_Dharavarsha,ध्रुव धारवर्ष
Govinda_III,गोविन्द तृतीय
Hyder_Ali,हैदर अली
Ibrahim_Adil_Shah_II,इब्राहिम आदिल शाह द्वितीय
Indra_III,इन्द्र ३
Jayachamaraja_Wodeyar,जयचमराजा वोडेयार बहादुर
Kempe_Gowda,केम्पेगोडा प्रथम
Krishna_III,कृष्ण तृतीय
Krishnadeva_Raya,कृष्णदेवराय
Krishnaraja_Wodeyar_IV,कृष्णराज वोडेयार चतुर्थ
Madakari_Nayaka,मदकरी नायक
Pulakesi_II,द्वितीय पुलकेशी
Rani_Chennamma,रानी चेन्नम्मा
Kittur,कित्तूर
Saluva_Narasimha_Deva_Raya,शाल्व नृसिंह देव राय
Sangolli_Rayanna,संगोली रायण्णा
Tailapa_II,तैलप २
Tippu_Sultan,टीपू सुल्तान
Veera_Ballala_II,वीर बल्लाल २
Veera_Ballala_III,वीर बल्लाला तृतीय
Vikramaditya_II,विक्रमादित्य द्वितीय
Vikramaditya_VI,विक्रमादित्य ६
Vishnuvardhana,विष्णुवर्धन
Vijaya_Bank,विजया बैंक
Ammembal_Subba_Rao_Pai,अम्मेम्बल सुब्बा राव पई
Canara_Bank,केनरा बैंक
K._V._Kamath,के.वी. कामथ
ICICI_Bank,आईसीआईसीआई बैंक
Kiran_Mazumdar-Shaw,किरण मजूमदार-शॉ
N._R._Narayana_Murthy,एन आर नारायणमूर्ति
Nandan_Nilekani,नन्दन नीलेकणि
Syndicate_Bank,सिंडिकेट बैंक
V._G._Siddhartha,वी.जी. सिद्धार्थ
Vaman_Srinivas_Kudva,वामन श्रीनिवास कुडवा
Vijay_Mallya,विजय माल्या
UB_Group,यूबी समूह
Vittal_Mallya,विट्ठल माल्या
M._C._Modi,मुरुगप्पा चेन्नवीरप्पा मोदी
Sharan_Patil,डॉ शरण शिवराज पाटिल
C._N._R._Rao,सी॰ एन॰ आर॰ राव
C._R._Rao,कल्यामपुड़ी राधाकृष्ण राव
Raja_Ramanna,राजा रमन्ना
Roddam_Narasimha,रोद्दम नरसिंहा
U._R._Rao,उडिपी रामचंद्र राव
S._K._Shivkumar,एस के शिवकुमार
Sudha_Murthy,सुधा मूर्ति
D._C._Pavate,दादासाहेब चिंतामणि पावते
Shakuntala_Devi,शकुन्तला देवी
Arun_Netravali,अरुण नेत्रावली
Sir_M._Visvesvaraya,मोक्षगुंडम विश्वेश्वरय्या
Rajeshwari_Chatterjee,राजेश्वरी चटर्जी
Gita_Gopinath,गीता गोपीनाथ
Adikavi_Pampa,आदिकवि पम्प
Kumaravyasa,कुमारव्यास
Basavanna,बसव
Akka_Mahadevi,अक्का महादेवी
Kumudendu_Muni,कुमुदेन्दु
Anupama_Niranjana,अनुपमा निरंजना
Aravind_Adiga,अरविन्द अडिग
B._G._L._Swamy,बी. जी. एल. स्वामी
Chandrashekhara_Kambara,चन्द्रशेखर कम्बार
D._V._Gundappa,डी॰वी॰ गुंडप्प
Gopalakrishna_Adiga,गोपालकृष्ण अडिग
Gorur_Ramaswamy_Iyengar,गोरुरू रामास्वामी आनंद
Ha_Ma_Nayak,हा. मा. नायक
K._S._Narasimhaswamy,के. एस. नरसिंह स्वामी
Kuvempu,कुप्पाली वी गौड़ा पुटप्पा
Maasti_Venkatesh_Ayengar,मास्ती वेंकटेश अयंगार
Maya_Kamath,माया कामथ
P._Lankesh,पी. लंकेश
Poornachandra_Tejaswi,के. पी. पूर्णचंद्र तेजस्वी
P._T._Narasimhachar,पु. ति. नरसिम्हाचार
R._K._Narayan,आर के नारायण
Raja_Rao,राजा राव
S._L._Bhyrappa,एस. एल. भैरप्प
Shashi_Deshpande,शशि देशपांडे
T._R._Subba_Rao,टी. आर. सुब्बाराव
U._R._Ananthamurthy,उडुपी राजगोपालाचार्य अनंतमूर्ति
V._K._Gokak,विनायक कृष्ण गोकाक
S._Nijalingappa,एस निजलिंगप्पा
Kamaladevi_Chattopadhyaya,कमलादेवी चट्टोपाध्याय
Basappa_Danappa_Jatti,बासप्पा दनप्पा जत्ती
Ramakrishna_Hegde,रामकृष्ण हेगडे
Prabhakar_Kore,प्रभाकर कोरे
Veerendra_Patil,वीरेन्द्र पाटिल
Veerappa_Moily,एम॰ वीरप्पा मोइली
Prime_Minister,प्रधानमन्त्री
George_Fernandes,जॉर्ज फ़र्नान्डिस
Dharam_Singh,एन॰ धरम सिंह
Ramesh_Jigajinagi,रमेश चंदप्पा जिगाजिनगी
Margaret_Alva,मार्गरेट अल्वा
H.N.Ananth_Kumar,अनंत कुमार
Mallikarjun_Kharge,मल्लिकार्जुन खड़गे
Bhagwanth_Khuba,बी॰एन॰ चन्द्रप्पा
Kanaka_Dasa,कनकदास
Purandara_Dasa,पुरन्दर दास
Raghavendra_Swami,राघवेंद्र तीर्थ
Tirumalai_Krishnamacharya,तिरुमलाई कृष्णमचार्य
Jaggi_Vasudev,जग्गी वासुदेव
Pattabhi_Jois,कृष्ण पट्टाभि जोयीस
Vandana_Shiva,वंदना शिवा
Veerendra_Heggade,वीरेंद्र हेगड़े
Roger_Binny,रोजर बिन्नी
Stuart_Binny,स्टुअर्ट बिन्नी
Bhagwat_Chandrasekhar,बी॰ एस॰ चंद्रशेखर
Rahul_Dravid,राहुल द्रविड़
Syed_Kirmani,सैयद किरमानी
Vinay_Kumar,विनय कुमार
Anil_Kumble,अनिल कुंबले
Sanjay_Manjrekar,संजय मांजरेकर
Manju_Nadgoda,मंजू नादगोड़ा
Brijesh_Patel,बृजेश पटेल
Venkatesh_Prasad,वेंकटेश प्रसाद
KL_Rahul,के एल राहुल
Shantha_Rangaswamy,शान्ता रंगास्वामी
Javagal_Srinath,जवागल श्रीनाथ
Robin_Uthappa,रॉबिन उथप्पा
Gundappa_Vishwanath,गुंडप्पा विश्वनाथ
Sadanand_Viswanath,सदानन्द विश्वनाथ
Varun_Chakravarthy,वरुण चक्रवर्ती
Ashwini_Nachappa,अश्विनी नचप्पा
J._J._Shobha,जे.जे शोभा
Girisha_Nagarajegowda,गिरीश नागराजेगौड़ा
Ashwini_Ponnappa,अश्विनी पोनप्पा
Mahesh_Bhupathi,महेश भूपति
Rohan_Bopanna,रोहन बोपन्ना
Chetan_Baboor,चेतन बाबूर
Nisha_Millet,निशा मिलेट
Malathi_Krishnamurthy_Holla,मलाथी कृष्णामूर्ति हॉला
Ajjamada_B_Devaiah,अज्जामद बोपय्या देवय्या
K._S._Thimayya,के एस थिमैया
Sandeep_Unnikrishnan,संदीप उन्नीकृष्णन
Manepalli_Narayana_Rao_Venkatachaliah,एम एन वेंकटचेलैय्या
Santhosh_Hegde,संतोष हेगडे
P._B._Gajendragadkar,पी बी गजेंद्रगडकर
Sri_Ramayana_Darshanam,श्रीरामायण दर्शनम्
D._R._Bendre,दत्तात्रेय रामचंद्र बेन्द्रे
K._Shivaram_Karanth,कोटा शिवराम कारन्त
Masti_Venkatesha_Iyengar,मास्ती वेंकटेश अयंगार
Karnataka_University,कर्नाटक विश्वविद्यालय
Krishna_Deva_Raya,कृष्णदेवराय
Kittur_Chennamma,रानी चेन्नम्मा
Pandita_Ramabai,पंडिता रमाबाई
Media,मीडिया
Kalyani_Chalukyas,प्रतीच्य चालुक्य
Shivappa_Nayaka,शिवप्पा नायक
Pulakeshin_II,द्वितीय पुलकेशी
Tipu_Sultan,टीपू सुल्तान
Vijayanagara_Empire,विजयनगर साम्राज्य
Bayalu_Seeme,बयालुसीमा
Karavali,करावली
Bharata_Natyam,भरतनाट्यम्
Chitrakala_Parishat,कर्नाटक चित्रकला परिषत
Vachana,वचन साहित्य
Kumara_Vyasa,कुमारव्यास
Krishnaraja_Wadiyar_III,मुम्मडि कृष्णराज ओडेयरु
G._S._Shivarudrappa,जी. एस. शिवरुद्रप्पा
Karnataka_Ratna,कर्नाटक रत्न
Brihadratha_Maurya,बृहद्रथ मौर्य
Dhana_Nanda,धनानंद
Dasharatha_Maurya,दशरथ मौर्य
Guru_Gobind_Singh,गुरु गोबिन्द सिंह
Lord_Mahavira,महावीर
Sita,सीता
Chandragupta_Maurya,चन्द्रगुप्त मौर्य
Sher_Shah_Suri,शेर शाह सूरी
Veer_Kunwar_Singh,कुँवर सिंह
Babu_Kunwar_Singh,कुँवर सिंह
Rajendra_Prasad,राजेन्द्र प्रसाद
Sri_Krishna_Singh,श्रीकृष्ण सिंह
Anugrah_Narayan_Sinha,अनुग्रह नारायण सिंह
Jayaprakash_Narayan,जयप्रकाश नारायण
Jagjivan_Ram,जगजीवन राम
Kameshwar_Singh,कामेश्वर सिंह
Swami_Sahajanand_Saraswati,सहजानन्द सरस्वती
Thakur_Jugal_Kishore_Sinha,युगल किशोर सिंह
Satyendra_Narayan_Singh,सत्येन्द्र नारायण सिन्हा
Ram_Dulari_Sinha,राम दुलारी सिन्हा
Rambriksh_Benipuri,रामवृक्ष बेनीपुरी
Seewoosagur_Ramgoolam,शिवसागर रामगुलाम
Abdul_Qavi_Desnavi,अब्दुल कवी देसनावी
Ram_Sharan_Sharma,रामशरण शर्मा
Ramvriksh_Benipuri,रामवृक्ष बेनीपुरी
Devaki_Nandan_Khatri,देवकीनन्दन खत्री
Ram_Karan_Sharma,रामकरण मिश्र
Mahamahopadhyaya_Pandit_Ram_Avatar_Sharma,राम अवतार शर्मा
Nalin_Vilochan_Sharma,नलिन विलोचन शर्मा
Ganganath_Jha,गंगानाथ झा
Gopal_Singh_Nepali,गोपाल सिंह नेपाली
Ramesh_Chandra_Jha,रमेश चन्द्र झा
Binod_Bihari_Verma,बिनोद बिहारी वर्मा
Acharya_Rameshwar_Jha,आचार्य रामेश्वर झा
Acharya_Shivpujan_Sahay,शिवपूजन सहाय
Chandeshwar_Prasad_Narayan_Singh,चन्देश्वर नारायण प्रसाद सिंह
Hetukar_Jha,हेतुकर झा
Phanishwar_Nath_Renu,"फणीश्वर नाथ ""रेणु"""
Ravindra_Prabhat,रवीन्द्र प्रभात
Shiv_Khera,शिव खेड़ा
M._J._Akbar,एम॰ जे॰ अकबर
Sweta_Singh,श्वेता सिंह
Sahajanand_Saraswati,सहजानन्द सरस्वती
Bhikhari_Thakur,भिखारी ठाकुर
Upamanyu_Chatterjee,उपमन्यु चटर्जी
Malay_Roy_Choudhury,मलय रॉय चौधुरी
George_Orwell,जॉर्ज ऑरवेल
Bidhan_Chandra_Roy,बिधान चंद्र रॉय
Bismillah_Khan,बिस्मिल्ला ख़ाँ
Bindeshwar_Pathak,बिन्देश्वर पाठक
Mohan_Mishra,मोहन मि‍श्रा
Janki_Ballabh_Shastri,जानकीवल्लभ शास्त्री
Sharda_Sinha,शारदा सिन्हा
Ashok_Kumar,अशोक कुमार (अभिनेता)
Tapan_Sinha,तपन सिन्हा
Jyoti_Prakash_Nirala,ज्योति प्रकाश निराला
Sir_Anerood_Jugnauth,अनिरुद्ध जगन्नाथ
Parmanand_Jha,परमानन्द झा
Navin_Ramgoolam,नवीनचन्द्र रामगुलाम
Girija_Prasad_Koirala,गिरिजा प्रसाद कोइराला
Basdeo_Panday,बसदेव पाण्डे
Kamla_Persad-Bissessar,कमला प्रसाद बिसेसर
West_Bengal,पश्चिम बंगाल
Dinesh_Nandan_Sahay,दिनेश नंदन सहाय
Kailashpati_Mishra,कैलाशपति मिश्र
Gujarat,गुजरात
Mridula_Sinha,मृदुला सिन्हा
Nikhil_Kumar,निखिल कुमार
Kerala,केरल
Srinivas_Kumar_Sinha,श्रीनिवास कुमार सिन्हा
Lakshmi_Kant_Jha,एल के झा
Tejendra_Khanna,तेजेन्द्र खन्ना
Bali_Ram_Bhagat,बलि राम भगत
Meira_Kumar,मीरा कुमार
Bhuvaneshwar_Prasad_Sinha,बी पी सिन्हा
Lalit_Mohan_Sharma,एल एम शर्मा
Syed_Shahnawaz_Hussain,सैयद शाहनवाज हुसैन
Bharatiya_Janata_Party,भारतीय जनता पार्टी
Ravi_Shankar_Prasad,रवि शंकर प्रसाद
Shakeel_Ahmad,शकील अहमद
Rajiv_Pratap_Rudy,राजीव प्रताप रूडी
Sri_Krishna_Sinha,श्रीकृष्ण सिंह
B.P.Mandal,बिन्देश्वरी प्रसाद मंडल
Lalit_Narayan_Mishra,ललित नारायण मिश्र
Karpoori_Thakur,कर्पूरी ठाकुर
Daroga_Prasad_Rai,दरोगा प्रसाद राय
Chandrashekhar_Singh,चंद्रशेखर सिंह
Chirag_Paswan,चिराग पासवान
Lalu_Prasad_Yadav,लालू प्रसाद यादव
Shyam_Nandan_Prasad_Mishra,श्याम नन्दन प्रसाद मिश्र
Mohammad_Yunus,मोहम्मद युनुस (बहुविकल्पी)
Kabeer_Kaushik,कबीर कौशिक
Neeraj_Pandey,नीरज पांडे
Prakash_Jha,प्रकाश झा
Ram_Gopal_Bajaj,राम गोपाल बजाज
Satyen_Bose,सत्येन बोस
Aham_Sharma,अहम शर्मा
Shatrughan_Sinha,शत्रुघन सिन्हा
Manoj_Bajpai,मनोज बाजपेयी
Akhilendra_Mishra,अखिलेन्द्र मिश्रा
Abhimanyu_Singh,अभिमन्यु सिंह
Adhyayan_Suman,अध्ययन सुमन
Luv_Sinha,लव सिन्हा
Pankaj_Tripathi,पंकज त्रिपाठी
Shekhar_Suman,शेखर सुमन
Vinay_Pathak,विनय पाठक
Gurmeet_Choudhary,गुर्मीत चौधरी
Vineet_Kumar,विनीत कुमार (अभिनेता)
Manoj_Tiwari,मनोज तिवारी (अभिनेता)
Dinesh_Sharma,दिनेश शर्मा
Chandrachur_Singh,चन्द्रचूढ़ सिंह
Alok_Nath,आलोक नाथ
Pooja_Sharma,पूजा शर्मा
Neha_Sharma,नेहा शर्मा
Sandali_Sinha,संदली सिन्हा
Shilpa_Shukla,शिल्पा शुक्ला
Neetu_Chandra,नीतू चन्द्रा
Kaveri_Jha,कावेरी झा
Neelima_Azeem,नीलिमा अज़ीम
Shreya_Narayan,श्रेया नारायण
Sriti_Jha,सृति झा
Ulka_Gupta,अल्का गुप्ता
Chhavi_Pandey,छवि पांडे
Daler_Mehndi,दलेर मेंहदी
Sundar_Popo,सुन्दर पोपो
Pawan_Singh,पवन सिंह
Parmanand_Singh,परमानन्द सिंह
Ramdhari_Singh_Dinkar,रामधारी सिंह 'दिनकर'
Srimanta_Sankardeva,शंकरदेव
Baldev_Mishra,बलदेव मिश्र
Rajkamal_Chaudhary,राजकमल चौधरी
Bindhyabasini_Devi,बिन्ध्याबासिनी देवी
Prabhat_Ranjan_Sarkar,प्रभात रंजन सरकार
Syed_Ali_Akhtar_Rizvi,सय्यद अली अख्तर रिजवी
Vashishtha_Narayan_Singh,वशिष्ठ नारायण सिंह
Kavita_Roy,कविता राय
MS_Dhoni,महेंद्र सिंह धोनी
Jaipal_Singh,जयपाल सिंह मुंडा
Pankaj_Rag,पंकज राग
R._K._Singh,राज कुमार सिंह
Acharya_Kishore_Kunal,आचार्य किशोर कुणाल
Amitabh_Thakur,अमिताभ ठाकुर
Ranjit_Sinha,रंजीत सिन्हा
Subrata_Roy,सुब्रत रॉय
Shyamanand_Jalan,श्यामानन्द जालान
Dashrath_Manjhi,दशरथ माँझी
Anand_Kumar,आनन्द कुमार
H._C._Verma,एच सी वर्मा
Puducherry_Legislative_Assembly,पुदुच्चेरी विधान सभा
N._Rangaswamy,एन॰ रंगास्वामी
V._Narayanasamy,वी॰ नारायणसामी
Kurukshetra_War,कुरुक्षेत्र युद्ध
Kadambas,कदंब राजवंश
Kollam,कोल्लम
Kasargod,कासरगोड
Kannur,कन्नूर
Kanyakumari,कन्याकुमारी
Rajendra_Chola,राजेन्द्र प्रथम
Afanasy_Nikitin,अफानासी निकितिन
Kozhikode,कोड़िकोड
Kodungallur,कोडुंगलूर
Kerala_Varma_Pazhassi_Raja,पजहस्सी राजा
Marthanda_Varma,मार्तान्ड वर्मा
Swathi_Thirunal_Rama_Varma,स्वातितिरुनाल बालराम वर्मा
Devan_Nair,देवन नायर
P._J._Kurien,पी जे कुरियन
M._M._Jacob,एम एम जेकब
K._Sankaranarayanan,के शंकरनारायणन
Kummanam_Rajasekharan,कुम्मनम राजशेखरन
John_Mathai,जॉन मथाई
V._K._Krishna_Menon,वी के कृष्ण मेनन
M._P._Veerendra_Kumar,एम॰ पी॰ वीरेंद्रकुमार
K._V._Thomas,के॰वी॰ थॉमस
Lakshmi_N._Menon,लक्ष्मी नंदन मेनन
Shashi_Tharoor,शशि थरूर
E._Ahamed,ई अहमद
K._C._Venugopal,के॰सी॰ वेणुगोपाल
Kodikkunnil_Suresh,कोडिकुन्नील सुरेश
V_Muraleedharan,वी० मुरलीधरन
K._R._Gowri_Amma,गौरी अम्मा
Pinarai_Vijayan,पिनाराई विजयन
Prakash_Karat,प्रकाश करात
Rajya_Sabha,राज्य सभा
Suresh_Gopi,सुरेश गोपी
Alphonse_Kannanthanam,अल्फोन्स कन्ननथनम
John_Matthai,जॉन मथाई
K._R._Ramanathan,कालपति रामकृष्ण रामनाथन
M._G._K._Menon,एम गोविंद कुमार मेनन
V._R._Krishna_Iyer,वी आर कृष्ण अय्यर
Adoor_Gopalakrishnan,अडूर गोपालकृष्णन
George_Sudarshan,जॉर्ज सुदर्शन
ONV_Kurup,ओ॰ ऍन॰ वी॰ कुरुप
K._J._Yesudas,के॰ जे॰ येशुदास
Vallathol_Narayana_Menon,वी॰ नारायण मेनन
G._Sankara_Kurup,गोविन्द शंकर कुरुप
Guru_Kunchu_Kurup,पोइपिल्ली कुंजु कुरुप
Prem_Nazir,प्रेम नज़ीर
Thakazhi_Sivasankara_Pillai,तकजि शिवशंकर पिल्लै
Balamani_Amma,नालापत बालमणि अम्मा
M._S._Valiathan,मार्तंड वर्मा शंकरन वलियानाथन
Thomas_Kailath,थोमस कैलाथ
Mohanlal_Viswanathan_Nair,मोहनलाल (अभिनेता)
Nambi_Narayanan,नंबी नारायणन
Mani_Madhava_Chakyar,माणि माधव चाक्यार
Koodiyattam,कूडियाट्टम्
Vaikom_Muhammad_Basheer,वैकम मुहम्मद बशीर
M._D._Valsamma,एम.डी.वाल्साम्मा
P._T._Usha,पी॰ टी॰ उषा
K._S._Chithra,के॰ एस॰ चित्रा
K._K._Muhammed,के के मुहम्मद
Barack_Obama,बराक ओबामा
Slumdog_Millionaire,स्लमडॉग मिलियनेयर
Arundhati_Roy,अरुंधति राय
Booker_Prize,मैन बुकर पुरस्कार
V._P._Menon,वाप्पला पंगुन्नि मेनन
Louis_Mountbatten,"लुईस माउंटबेटन, बर्मा के पहले अर्ल माउंटबेटन"
M._K._Vellodi,वेल्लोडी नारायण मेनन के.
Shivshankar_Menon,शिवशंकर मेनन
Nirupama_Rao,निरुपमा राव
UNESCO,युनेस्को
United_Nations,संयुक्त राष्ट्र
India,भारत
Pazhassi_Raja,पजहस्सी राजा
General,जनरल
Sundararajan_Padmanabhan,सुंदरराजन पद्मनाभन
Lieutenant_General,लेफ्टिनेंट जनरल
Radhika_Menon,राधिका मेनन
K._G._Balakrishnan,के॰ जी॰ बालकृष्णन
M._Fathima_Beevi,एम॰ फातिमा बीबी
Anna_Chandy,अन्ना चांडी
Janaki_Amma,जानकी अम्मा
Tessy_Thomas,टेसी थॉमस
Krishnaswamy_Kasturirangan,कृष्णास्वामी कस्तूरीरंगन
Jawaharlal_Nehru_University,जवाहरलाल नेहरू विश्वविद्यालय
George_Sudarsan,जॉर्ज सुदर्शन
Thanu_Padmanabhan,तनु पद्मनाभन
Eluvathingal_Devassy_Jemmis,ई डी जेमीस
Indira_Gandhi_National_Open_University,इन्दिरा गांधी राष्ट्रीय मुक्त विश्वविद्यालय
Vaidyaratnam_P._S._Warrier,पी एस वारियर
Nivedita_Menon,निवेदिता मेनन
Oracle_Corporation,ओरेकल कॉर्पोरेशन
Wipro,विप्रो
C._P._Krishnan_Nair,सी॰पी॰ कृष्णन नायर
Kochouseph_Chittilappilly,कोच्चोसेफ चिट्टिलपिल्लि
Lakshmi_Sehgal,लक्ष्मी सहगल
Netaji_Subhash_Chandra_Bose,सुभाष चन्द्र बोस
Accamma_Cherian,अक्कम्मा चेरियन
Mohammed_Abdul_Rahiman,मोहम्मद अब्दुर रहमान
Vakkom_Majeed,वक्कोम मजीद
K._Kelappan,के केलप्पन
K._P._Kesava_Menon,के. पी. केशव मेनन
Adi_Sankara,आदि शंकराचार्य
Lalithambika_Antharjanam,ललिताम्बिक अन्तर्जनम
Sree_Narayana_Guru,नारायण गुरु
Vakkom_Moulavi,वक्कोम मौलवी
Sivagiri_Mutt,शारदा मठ
Swami_Chinmayananda,स्वामी चिन्मयानंद
Swami_Sundaranand,स्वामी सुंदरानंद
Swami_Ranganathananda,स्वामी रंगनाथानन्द
Eknath_Easwaran,एकनाथ इश्वरण
Chinmaya_Mission,चिन्मय मिशन
Advaita_Vedanta,अद्वैत वेदान्त
Hindu_Aikya_Vedi,हिन्दू ऐक्य वेदी
Mata_Amritanandamayi,माता अमृतानंदमयी
Akkitham_Achuthan_Namboothiri,अक्कितम
Anita_Nair,अनीता नायर
Saraswathi_Samman,सरस्वती सम्मान
Changampuzha_Krishna_Pillai,चङङम्पुषा कृष्ण पिल्ला
Cherusseri_Namboothiri,चेरुश्शेरि नंपूतिरि
Edasseri_Govindan_Nair,इडस्सेरी गोविन्दन नायर
Kalakkaththu_Kunchan_Nambiar,कुंचन नम्बियार
Kamala_Das,कमला सुरय्या
Kumaran_Asan,कुमारन आशान
N._S._Madhavan,एन. एस. माधवन
M._Mukundan,एम. मुकुंदन
M._T._Vasudevan_Nair,एम॰ टी॰ वासुदेव नायर
Jnanpith_Award,ज्ञानपीठ पुरस्कार
O._Chandumenon,ओय्यारत्तु चंतु मेनोन
O._V._Vijayan,ओ. वी. विजयन
O._N._V._Kurup,ओ॰ ऍन॰ वी॰ कुरुप
P._C._Devassia,पी.सी. देवसिया
Sahitya_Akademi_Award,साहित्य अकादमी पुरस्कार
Kristubhagavatam,खिस्तुभागवतम्
P._Parameswaran,प परमेश्वरन्
Paul_Zacharia,पॉल ज़करिया
S._K._Pottekkatt,एस. के. पोट्टेक्काट
Sukumar_Azhikode,सुकुमार अष़ीक्कोड
Thirunalloor_Karunakaran,तिरुनल्लूर करुणाकरन्
Thunchaththu_Ramanujan_Ezhuthachan,तुंचत्तु रामानुजन एषुत्तच्छन
Ulloor_S_Parameswara_Iyer,परमेश्वर अय्यर उल्लूर
Vakkom_Abdul_Khader_Moulavi,वक्कोम मौलवी
Vyloppilli_Sreedhara_Menon,वैलोप्पिली श्रीधर मेनन
Yusuf_Ali_Kechery,युसुफ अली कचेरी
Toronto_Star,टोरंटो स्टार
Nafisa_Joseph,नफीसा जोसेफ
Sana_Khan,सना खान
Catherine_Tresa,कैथरीन टेरेसा
Neha_Dhupia,नेहा धूपिया
Nithya_Menen,नित्या मेनन
Revathi_Menon,रेवती (फ़िल्म अभिनेत्री)
Samantha_Akkineni,सामन्था अक्किनेनी
Shweta_Menon,श्वेता मेनन
Trisha_Krishnan,तृषा कृष्णन
Vidya_Balan,विद्या बालन
John_Abraham,जॉन अब्राहम
Prithviraj_Sukumaran,पृथ्वीराज सुकुमारन
Gowtham_Menon,गौतम मेनन
M._Night_Shyamalan,एम॰ नाइट श्यामलन
P._Padmarajan,पद्मराजन
Santosh_Sivan,संतोष सीवान
National_Film_Awards,राष्ट्रीय फ़िल्म पुरस्कार
TK_Rajeev_Kumar,टी॰ के॰ राजीव कुमार
Benny_Dayal,बेनी दयाल
Chitra,चित्रा
M._G._Sreekumar,एम॰ जी॰ श्रीकुमार
Rahul_Raj,राहुल राज
Raja_Ravi_Varma,राजा रवि वर्मा
C._N._Karunakaran,सी एन करुणाकरन
Kavitha_Balakrishnan,कविता बालकृष्णन
K._S._Pillai,के शंकर पिल्लई
Anilda_Thomas,अनिल्डा थॉमस
Anju_Bobby_George,अंजू बॉबी जॉर्ज
Bobby_Aloysius,बॉबी एलॉयसियस
Jisna_Mathew,जिसना मैथ्यू
Mohammad_Anas,मोहम्मद अनास
O._P._Jaisha,ओ॰ पी॰ जैशा
Preeja_Sreedharan,प्रीजा श्रीधरन
Shiny_Abraham,शाइनी अब्राहम
Tintu_Lukka,टिंटू लुक्का
P._C._Thulasi,पी. सी. तुलसी
P._S._Jeena,पी एस जीना
Basil_Thampi,बसील थम्पी
K._N._Ananthapadmanabhan,के॰एन॰ अनंतपद्मनाभन
Karun_Nair,करुण नायर
S_Sreesanth,शान्ताकुमारन श्रीसंत
Sachin_Baby,सचिन बेबी
Sandeep_Warrier,संदीप वारियर
Sanju_Samson,संजु सैमसन
Shreyas_Iyer,श्रेयस अय्यर
Mohammed_Rafi,मोहम्मद रफ़ी
P._R._Sreejesh,पीआर श्रीजेश
Deepika_Pallikal,दीपिका पल्लीकल
Sajan_Prakash,सजन प्रकाश
Sanjeev_Kumar,संजीव कुमार
Tiffany_Brar,टिफ़नी बराड़
Pramada_Menon,निवेदिता मेनन
Natya_Shastra,नाट्य शास्त्र
Mrinalini_Sarabhai,मृणालिनी साराभाई
Wikimedia_Commons,विकिमीडिया कॉमन्स
Chandra_Shekhar_Azad,चन्द्रशेखर आज़ाद
Ravishankar_Shukla,रविशंकर शुक्ल
Rani_Lakshmi_Bai,रानी लक्ष्मीबाई
Rani_Avanti_Bai,अवंतीबाई
Tantya_Bheel,टंट्या भील
Jhalkari_Bai,झलकारी बाई
Narendra_Karmarkar,नरेन्द्र करमरकर
Anil_Kakodkar,अनिल काकोदकर
Ramesh_Chandra_Agarwal,रमेशचंद्र अग्रवाल
Kailash_Satyarthi,कैलाश सत्यार्थी
Sita_Sahu,सीता साहू
Varsha_Varman,वर्षा वर्मन
Hakim_Syed_Zillur_Rahman,हकीम सय्यद ज़िल्लुर रहमान
Keshavrao_Krishnarao_Datey,केशवराव कृष्णराव दाते
Ramesh_Chandra_Lahoti,रमेश चन्द्र लहोटी
Raghuram_Rajan,रघुराम राजन
Makhanlal_Chaturvedi,माखनलाल चतुर्वेदी
Nathuram_Premi,नाथूराम प्रेमी
Ramkumar_Verma,राम कुमार वर्मा
Gajanan_Madhav_Muktibodh,गजानन माधव मुक्तिबोध
Harishankar_Parsai,हरिशंकर परसाई
Sharad_Joshi,शरद जोशी
Bihari_Lal,बिहारी (साहित्यकार)
Kaif_Bhopali,कैफ़ भोपाली
Seth_Govind_Das,सेठ गोविंद दास
Hari_Krishna_Devsare,हरिकृष्ण देवसरे
Nida_Fazli,निदा फ़ाज़ली
Anupam_Mishra,अनुपम मिश्र
Balachandra_Shastri,बालचंद्र सिद्धान्तशास्त्री
Mrinal_Pande,मृणाल पाण्डे
Prabhash_Joshi,प्रभाष जोशी
Deepak_Chaurasia,दीपक चौरसिया
Arjun_Rampal,अर्जुन रामपाल
Arunoday_Singh,अरुणोदय सिंह
Ashutosh_Rana,आशुतोष राणा
Lata_Mangeshkar,लता मंगेशकर
Jaya_Bachchan,जया बच्चन
Salim_Khan,सलीम ख़ान
Salman_Khan,सलमान ख़ान
Sharat_Saxena,शरत सक्सेना
Raghuvir_Yadav,रघुवीर यादव
Swanand_Kirkire,स्वानन्द किरकिरे
Govind_Namdev,गोविन्द नामदेव
Mukesh_Tiwari,मुकेश तिवारी
Kartik_Tiwari,कार्तिक आर्यन
Divyanka_Tripathi,दिव्यांका त्रिपाठी
Rajeev_Verma,राजीव वर्मा
Mushtaq_Khan,मुशताक ख़ान (अभिनेता)
Razak_Khan,रज़ाक ख़ान
Palak_Muchhal,पलक मुच्छल
Shankar_Dayal_Sharma,शंकरदयाल शर्मा
Atal_Bihari_Vajpayee,अटल बिहारी वाजपेयी
Kailash_Nath_Katju,कैलाश नाथ काटजू
Vijaya_Raje_Scindia,विजया राजे सिंधिया
Madhavrao_Scindia,माधवराव सिंधिया
Paras_Chandra_Jain,पारस चंद्र जैन
Kailash_Vijayvargiya,कैलाश विजयवर्गीय
Vasundhara_Raje,वसुन्धरा राजे सिंधिया
Sharad_Yadav,शरद यादव
Sumitra_Mahajan,सुमित्रा महाजन
Jyotiraditya_Madhavrao_Scindia,ज्योतिरादित्य सिंधिया
Prithviraj_Chavan,पृथ्वीराज चह्वाण
Shivraj_Singh_Chouhan,शिवराज सिंह चौहान
Uma_Bharti,उमा भारती
Digvijaya_Singh,दिग्विजय सिंह (राजनीतिज्ञ)
Roop_Singh,रूप सिंह
Aslam_Sher_Khan,असलम शेर खान
Mansoor_Ali_Khan_Pataudi,मंसूर अली ख़ान पटौदी
Mushtaq_Ali,सैयद मुश्ताक अली
Chandu_Sarwate,चंदू सरवटे
Amay_Khurasiya,अमय खुरासिया
Narendra_Hirwani,नरेंद्र हिरवानी
C._K._Nayudu,सी॰ के॰ नायडू
Naman_Ojha,नमन ओझा
Alluri_Sitarama_Raju,अल्लूरी सीताराम राजू
Puchalapalli_Sundaraiah,पुच्चलापल्ली सुंदरय्या
Kaneganti_Hanumanthu,कोन्नेगंती हनुमंतु
Veerapandiya_Kattabomman,वीरापांड्या कट्टाबोम्मन
Gouthu_Latchanna,गौतु लच्चन्ना
Tanguturi_Prakasam,टंगुटूरी प्रकाशम
Raja_Sri_V_R_G_K_M_Prasad,नागार्जुन सागर परियोजना
N._G._Ranga,एन जी रंगा
Potti_Sreeramulu,पोट्टि श्रीरामुलु
Swami_Ramanand_Tirtha,स्वामी रामानन्द तीर्थ
Pingali_Venkayya,पिंगली वेंकैया
Duvvuri_Subbarao,दुव्वुरी सुब्बाराव
Neelam_Sanjiva_Reddy,नीलम संजीव रेड्डी
Bezawada_Gopala_Reddy,बेजवाड़ा गोपाला रेड्डी
Kotla_Vijaya_Bhaskara_Reddy,कोटला विजय भास्कर रेड्डी
Nandamuri_Taraka_Rama_Rao,नन्दमूरि तारक रामाराव
Nedurumalli_Janardhana_Reddy,नेदुरुमल्ली जनार्दन रेड्डी
Nara_Chandrababu_Naidu,नारा चंद्रबाबू नायडू
Y._S._Rajasekhara_Reddy,वाई॰ एस॰ राजशेखर रेड्डी
Nallari_Kiran_Kumar_Reddy,एन किरण कुमार रेड्डी
Y._S._Jaganmohan_Reddy,वाई एस जगनमोहन रेड्डी
Sarvepalli_Radhakrishnan,सर्वेपल्लि राधाकृष्णन
Andhra_University,आन्ध्र विश्वविद्यालय
Prathap_C._Reddy,प्रताप सी रेड्डी
Byrraju_Ramalinga_Raju,रामलिंग राजू
S._P._Y._Reddy,एस॰पी॰वाई॰ रेड्डी
GMR_Group,जीएमआर समूह
Ramoji_Rao,रामोजी राव
Rayapati_Sambasiva_Rao,रायपति संभाशिव राव
Raj_Reddy,राज रेड्डी
Mokshagundam_Visvesvarayya,मोक्षगुंडम विश्वेश्वरय्या
Yellapragada_Subbarow,येल्लप्रगड सुब्बाराव
A._S._Rao,अय्यगिरी साम्बशिव राव
Shobha_Naidu,शोभा नायडू
Yamini_Reddy,यामिनी रेड्डी
Mangalampalli_Balamuralikrishna,एम. बालामुरलीकृष्ण
S._P._Balasubrahmanyam,एस॰ पी॰ बालसुब्रमण्यम
S._Janaki,एस जानकी
M._M._Keeravani,एम॰ एम॰ कीरावणी
Yamini_Krishnamurthy,यामिनी कृष्णमूर्ति
P._B._Sreenivas,प्रतिवादि भयंकर श्रीनिवास
P._Susheela,पी सुशीला
Vemana,वेमना
Gurazada_Apparao,गुरजाड अप्पाराव
Gurram_Jashuva,गुर्रम जाशुवा
Devulapalli_Krishnasastri,डी. वी. कृष्ण शास्त्री
Tummala_Seetharama_Murthy,तुम्मल सीताराममूर्ति
Kethu_Viswanatha_Reddy,केतु विश्वनाथ रेड्डी
Viswanatha_Satyanarayana,विश्वनाथ सत्यनारायण
Tripuraneni_Gopichand,टी. गोपीचंद
Srirangam_Srinivasarao,श्री श्री
Jiddu_Krishnamurti,जिद्दू कृष्णमूर्ति
Sri_Potuluri_Virabrahmendra_Swami,पोतुलूरी वीरब्रह्मेंद्र
Varahagiri_Venkata_Giri,वी॰ वी॰ गिरि
Akkineni_Nageswara_Rao,अक्किनेनी नागेश्वर राव
Sarvepalli_Gopal,एस. गोपाल
P._Venugopal,पोन्नुसामी वेणुगोपाल
C._D._Deshmukh,सी॰ डी॰ देशमुख
Akkineni_Nageshwara_Rao,अक्किनेनी नागेश्वर राव
Daggubati_Ramanaidu,डी रामानायडू
Krishna_Ghattamaneni,कृष्णा (अभिनेता)
Nerella_Venumadhav,नेरेला वेणुमाधव
K._Viswanath,कसीनथुनी विश्वनाथ
Pullela_Gopichand,पुल्लेला गोपीचंद
Karnam_Malleswari,कर्णम मल्लेश्वरी
Koneru_Humpy,हम्पी कोनेरु
Achanta_Sharath_Kamal,अचंत शरत कमल
Bharath_Reddy,भरत रेड्डी
Venkatapathy_Raju,वेंकटपति राजू
Kodi_Rammurthy_Naidu,राममूर्ति नायडू (पहलवान)
Tallapaka_Annamacharya,अन्नामाचार्य
Sripada_Pinakapani,श्रीपाद पिनाकपाणि
S_P_Balasubrahmanyam,एस॰ पी॰ बालसुब्रमण्यम
Devi_Sri_Prasad,देवी श्री प्रसाद
Sidhendra_Yogi,कूचिपूड़ी
Kuchipudi,कूचिपूड़ी
Bommireddy_Narasimha_Reddy,बोम्मिरेड्डी नरसिम्हा रेड्डी
B._Nagi_Reddy,बी॰ नागि रेड्डी
K_Vishwanath,कसीनथुनी विश्वनाथ
L._V._Prasad,एल॰ वी॰ प्रसाद
K._Raghavendra_Rao,के राघ्वेन्द्र राव
S._S._Rajamouli,एस॰एस॰ राजमौली
Puri_Jagannadh,पुरी जगन्नाध
Ram_Gopal_Varma,रामगोपाल वर्मा
L_V_Prasad,एल॰ वी॰ प्रसाद
Murali_Mohan,मुरली मोहन
D._Ramanaidu,डी रामानायडू
Naga_Chaitanya,नागा चैतन्य
Pawan_Kalyan,पवन कल्याण
Chittor_V._Nagaiah,वुप्पलादादियम नगय्या
Krishnam_Raju,कृष्णम राजू
Ghattamaneni_Krishna,कृष्णा (अभिनेता)
Vishal_Krishna,विशाल (अभिनेता)
Mohan_Babu,मोहन बाबू
N._T._Rama_Rao,नन्दमूरि तारक रामाराव
Jr._NTR,जूनियर एनटीआर
Gadde_Rajendra_Prasad,राजेंद्र प्रसाद (अभिनेता)
Allu_Arjun,अल्लू अर्जुन
Mahesh_Babu,महेश बाबु
Ram_Charan_Teja,राम चरण (अभिनेता)
Ravi_Teja,रवि तेजा
Anjali_Devi,अंजलि देवी
Diana_Hayden,डायना हेडेन
Jayaprada,जयाप्रदा
Bhanumathi_Ramakrishna,पालिवई भानुमति रामकृष्ण
Sushmita_Sen,सुष्मिता सेन
S_P_Balasubramanyam,एस॰ पी॰ बालसुब्रमण्यम
Tirumala_Tirupati_Devasthanams,तिरुमला तिरुपती देवस्थानम
Acharya_Nagarjuna,नागार्जुन (प्राचीन दार्शनिक)
Sathya_Sai_Baba,सत्य साईं बाबा
Chola_Dynasty,चोल राजवंश
Pandyan_Dynasty,पाण्ड्य राजवंश
Chera_Dynasty,चेर राजवंश
Pallava_Dynasty,पल्लव राजवंश
Eastern_Ganga_Dynasty,पूर्वी गंगवंश
C._Rajagopalachari,चक्रवर्ती राजगोपालाचारी
R._Venkataraman,रामस्वामी वेंकटरमण
V._O._Chidambaram_Pillai,वी० ओ० चिदम्बरम पिल्लै
Subramanya_Bharathi,सुब्रह्मण्य भारती
Tiruppur_Kumaran,तिरुपुर कुमारन
K._Kamaraj,के. कामराज
Velupillai_Prabhakaran,वेलुपिल्लई प्रभाकरण
Varadarajan_Mudaliar,वरदराजन मुदलियार
C._Rangarajan,सी रंगराजन
P._Sathasivam,पी सतशिवम
Tamilisai_Soundararajan,तमिलसाई सुंदरराजन
M._Bhaktavatsalam,एम. भक्तवत्सलम
C._N._Annadurai,सी॰एन॰ अन्नादुरै
M._Karunanidhi,करुणानिधि
M._G._Ramachandran,मारुदुर गोपालन रामचन्द्रन
J._Jayalalithaa,जयललिता
O._Panneerselvam,ओ॰ पन्नीरसेल्वम
Edappadi_K._Palaniswami,के पलानीस्वामी
R.K._Shanmukham_Chetty,आर के शनमुखम चेट्टी
Jana_Krishnamurthi,जन कृष्णमूर्ति
K._Santhanam,के सन्तानम
Satyavani_Muthu,सत्यवनी मुथु
P._Chidambaram,पी॰ चिदंबरम
Mani_Shankar_Aiyar,मणिशंकर अय्यर
Murasoli_Maran,मुरासोली मारन
Dayanidhi_Maran,दयानिधि मारन
Nirmala_Sitharaman,निर्मला सीतारामन्
Anbumani_Ramadoss,अंबुमणि रामदॉस
Pon_Radhakrishnan,पॉन राधाकृष्णन
Douglas_Devananda,डगलस देवानंद
Kamala_Devi_Harris,कमला हैरिस
Madras_Presidency,मद्रास प्रैज़िडन्सी
Lalitha_Kumaramangalam,ललिता कुमारमंगलम
Parvathi_Krishnan,पार्वती कृष्णन
Jayanthi_Natarajan,जयंती नटराजन
Dravida_Munnetra_Kazhagam,द्रविड़ मुन्नेत्र कड़गम
Kanimozhi,एम॰ के॰ कनिमोझी
S._Ramadoss,एस रामदास
Ananda_Coomaraswamy,आनन्‍द केंटिश कुमारस्‍वामी
Krishnaswamy_Sundararajan,कृष्णास्वामी सुंदरजी
Sushil_Kumar,सुशील कुमार (बहुविकल्पी)
C._V._Raman,चन्द्रशेखर वेंकटरमन
Subrahmanyan_Chandrasekhar,सुब्रह्मण्यन् चन्द्रशेखर
Venkatraman_Ramakrishnan,वेंकटरामन रामकृष्णन
Akshay_Venkatesh,अक्षय वेंकटेश
Sir_C._V._Raman,चन्द्रशेखर वेंकटरमन
C._Subramaniam,चिदम्बरम् सुब्रह्मण्यम्
M._S._Subbulakshmi,एम॰ एस॰ सुब्बुलक्ष्मी
Arcot_Lakshmanaswami_Mudaliar,ए॰ लक्षमणस्वामी मुदलियार
T._Balasaraswati,बालासरस्वती
V._Krishnamurthy,वेंकटरमण कृष्णमूर्ति
Sivaji_Ganesan,शिवाजी गणेशन
Kamal_Haasan,कमल हासन
Arogyaswami_Paulraj,आरोग्यास्वामी पॉलराज
Shiv_Nadar,शिव नाडार
K._Balachander,के बालाचंदर
Palagummi_Sainath,पालागुम्मि साईनाथ
Ramaswamy_Parmeshwaran,रामास्वामी परमेश्वरन
Viswanathan_Anand,विश्वनाथन आनंद
Sangeet_Natak_Akademi,संगीत नाटक अकादमी
Ariyakudi_Ramanuja_Iyengar,अरैकुडी रामानुज अयंगार
Papanasam_R._Sivan,पापनाशम शिवन
V._Raghavan,वेंकटरमण राघवन
Palk_Strait,पाक जलडमरूमध्य
Kalanithi_Maran,कलानिधि मारन
Sundar_Pichai,सुंदर पिचाई
Indra_Krishnamurthy_Nooyi,इंदिरा नुई
Kalanidhi_Maran,कलानिधि मारन
Natarajan_Chandrasekaran,नटराजन चंद्रशेखरन
Tamil_Nadu_Agricultural_University,तमिल नाडु कृषि विश्वविद्यालय
Anna_University,अण्णा विश्वविद्यालय
Alagappa_Chettiar,आर अलगप्पा चेट्टियार
Yogendra_Duraiswamy,योगेंद्र दुर्यस्वामी
Cho_Ramaswamy,चो रामस्वामी
Mylswamy_Annadurai,एम. अन्नादुरै
Kailasavadivoo_Sivan,कैलासवटिवु शिवन्
Malcolm_Adiseshiah,मैल्कम सत्यनाथन आदिशेशैया
V_C_Kulandaiswamy,वा. चे. कुलंदैसामि
Vice_Chancellor,कुलाधिपति (शिक्षा)
M._Varadarasan,मु. वरदराजन
Madurai_Kamaraj_University,मदुरै विश्वविद्यालय
Afghanistan,अफ़ग़ानिस्तान
World_Tamil_Conference,विश्व तमिल सम्मेलन
M._S._Swaminathan,एम॰ एस॰ स्वामीनाथन
Stanford_University,स्टैनफोर्ड विश्वविद्यालय
Ravindran_Kannan,रविन्द्रन कन्नन
New_York_University,न्यूयॉर्क विश्वविद्यालय
World_Bank,विश्व बैंक
International_Monetary_Fund,अन्तर्राष्ट्रीय मुद्रा कोष
Yale_University,येल विश्वविद्यालय
Swaminathan_Gurumurthy,स्वामिनाथन गुरुमूर्ति
Kamala_Harris,कमला हैरिस
Navanethem_Pillay,नवी पिल्लै
M._Patanjali_Sastri,एम पी शास्त्री
Srinivasa_Ramanujan,श्रीनिवास रामानुजन्
Bharati_Krishna_Tirtha,भारतीकृष्ण तीर्थ
Sri_Lanka,श्रीलंका
C._S._Seshadri,कांजिवरम श्रीरंगचारी शेषाद्रि
Chennai_Mathematical_Institute,चेन्नई गणितीय संस्थान
Abel_Prize,एबेल पुरस्कार
Conjeeveram_Seshadri,कांजिवरम श्रीरंगचारी शेषाद्रि
Ramaiyengar_Sridharan,रमैयेंगर श्रीधर
Mudumbai_Seshachalu_Narasimhan,मुडुंबई शेषचालु नरसिंहन
Raman_Parimala,रमण परिमाला
Govindappa_Venkataswamy,गोविन्दप्प वेङ्कटस्वामि
Aravind_Eye_Hospital,अरविन्द नेत्र चिकित्सालय
Sir_Chandrasekhara_Venkata_Raman,चन्द्रशेखर वेंकटरमन
K._Kasturirangan,कृष्णास्वामी कस्तूरीरंगन
M.R.Srinivasan,एम आर श्रीनिवासन
R._Chidambaram,राजगोपाल चिदंबरम
Liquid_Propulsion_Systems_Centre,द्रव नोदन प्रणाली केंद्र
Vallampadugai_Srinivasa_Raghavan_Arunachalam,वी श्रीनिवास राघवन अरुणाचलम
White_House,व्हाइट हाउस
Kollangudi_Karuppayee,कोल्लंगुडी करुप्पेयी
Papanasam_Sivan,पापनाशम शिवन
Lalgudi_Jayaraman,लालगुडी जयरामन
Muthuswami_Dikshitar,मुत्तुस्वामी दीक्षित
T._Brinda,तंजावूर बृंदा
Poochi_Srinivasa_Iyengar,पूची श्रीनिवास अयंगार
Patnam_Subramania_Iyer,पतनम सुब्रमनिया अय्यर
Yuvan_Shankar_Raja,युवान शंकर राजा
Shruti_Haasan,श्रुति हासन
Vidya_Vox,विद्या वॉक्स
Rukmini_Devi_Arundale,रुक्मिणी देवी अरुंडेल
Anita_Ratnam,अनीता रत्नम
Ajith_Kumar,अजित कुमार
Gemini_Ganesan,जेमिनी गणेशन
Karthi,कार्ति
Ramya_Krishnan,रम्या कृष्णन
Priya_Bhavani_Shankar,प्रिया भवानी शंकर
Adah_Sharma,अदा शर्मा
Sendhil_Ramamurthy,सेंधिल राममूर्ति
NBC,एनबीसी (NBC)
Ashok_Amritraj,अशोक अमृतराज
Mariyappan_Thangavelu,मरियप्पन थान्गावेलु
Arjuna_Award,अर्जुन पुरस्कार
S._Vijayalakshmi,सुब्बारमन विजयलक्ष्मी
M.J._Gopalan,एम॰जे॰ गोपालन
Ravichandran_Ashwin,रविचंद्रन अश्विन
S._Venkataraghavan,श्रीनिवासाराघवान वेंकटराघवन
K._Srikkanth,कृष्णम्माचारी श्रीकांत
Murali_Kartik,मुरली कार्तिक
Kolkata_Knight_Riders,कोलकाता नाईट राइडर्स
Chennai_Super_Kings,चेन्नई सुपर किंग्स
Murali_Vijay,मुरली विजय
Lakshmipathy_Balaji,लक्ष्मीपति बालाजी
Dinesh_Karthik,दिनेश कार्तिक
Delhi_Daredevils,दिल्ली कैपिटल्स
Washington_Sundar,वाशिंगटन सुंदर
Royal_Challengers_Bangalore,रॉयल चैलेंजर्स बैंगलौर
Muttiah_Muralitharan,मुथैया मुरलीधरन
Nasser_Hussain,नासिर हुसैन (क्रिकेट खिलाड़ी)
Alvin_Kallicharan,एल्विन कालीचरण
Guyana,गयाना
FIFA_World_Cup,फीफा विश्व कप
Goalkeeper,गोलकीपर
Moscow_Olympics,1980 ग्रीष्मकालीन ओलंपिक
Dhanraj_Pillay,धनराज पिल्ले
Rajiv_Gandhi_Khel_Ratna,राजीव गांधी खेल रत्न
Narain_Karthikeyan,नारायण कार्तिकेयन
Karun_Chandhok,करुण चंडोक
Joshna_Chinappa,जोशना चिनप्पा
Vijay_Amritraj,विजय अमृतराज
Ramanathan_Krishnan,रामनाथन कृष्णन्
Ramesh_Krishnan,रमेश कृष्णन
Nirupama_Vaidyanathan,निरुपमा संजीव
Appayya_Dikshidar,अप्पय दीक्षित
Advaita,अद्वैत वेदान्त
Ramana_Maharshi,रमण महर्षि
Sivananda_Saraswati,स्वामी शिवानन्द सरस्वती
Dayananda_Saraswati,दयानन्द सरस्वती
Sri_Sri_Ravi_Shankar,रवि शंकर (आध्यात्मिक गुरू)
Tamil_Jain,तमिल जैन
Ramachandra_Guha,रामचंद्र गुहा
Bharathidasan,भारतीदासन
Ramalingam_Pillai,वेंकटराम रामालिंगम पिल्लै
Kalki_Krishnamurthy,कल्कि कृष्णमूर्ति
Kannadasan,कन्नदासन
Indira_Soundarajan,इन्दिरा सौन्दर राजन्
Ashoka_Mitran,अशोकमित्रन
R.K._Narayan,आर के नारायण
Mu_Metha,मु. मेहता
Paventhar_Bharathidasan,भारतीदासन
Anshu_Jamsenpa,अंशु जमसेंपा
Mamang_Dai,ममांग दई
Aaj_Tak,आज तक
Pema_Khandu,पेमा खांडू
Kalikho_Pul,कलिखो पुल
Gegong_Apang,गेगोंग अपांग
Kiren_Rijiju,किरेन रिजिजू
Arunachal_Pradesh,अरुणाचल प्रदेश
Nabam_Tuki,नबाम टुकी
Rajiv_Gandhi_University,राजीव गांधी विश्वविद्यालय
Vasudeo_S._Gaitonde,वासुदेव एस गायतोंडे
Kimi_Katkar,किमी काटकर
Subodh_Kerkar,सुबोध केरकर
Varsha_Usgaonkar,वर्षा उसगांवकर
Damodar_Dharmananda_Kosambi,दामोदर धर्मानन्द कोसम्बी
General_Sunith_Francis_Rodrigues,एस एफ रोड्रिग्स
Dinanath_Mangeshkar,दीनानाथ मंगेशकर
Hema_Sardesai,हेमा सरदेसाई
Jitendra_Abhisheki,जीतेंद्र अभिषेकी
Kesarbai_Kerkar,केसरबाई केरकर
Kishori_Amonkar,किशोरी आमोनकर
Mogubai_Kurdikar,मोगुभाई कुर्दीकर
Manohar_Parrikar,मनोहर पर्रीकर
Yasmin_Modassir,यास्मीन मोडसीर
Raghunath_Mashelkar,रघुनाथ अनंत माशेलकर
Chandrakant_Keni,चंद्रकांत केणी
Dom_Moraes,डॉम मोरेस
Manohar_Rai_Sardesai,मनोहर सरदेसाई
Maria_Aurora_Couto,मारिया अरोड़ा कूटो
Ravindra_Kelekar,रवीन्द्र केलकर
Sarala_Dasa,सारला दास
Kabi_Samrat_Upendra_Bhanja,उपेन्द्र भंज
Fakir_Mohan_Senapati,फकीर मोहन सेनापति
Gangadhar_Meher,गंगाधर मेहेर
Sachidananda_Routray,सच्चिदानंद राउतराय
Brajanath_Rath,ब्रजनाथ रथ
Annada_Shankar_Ray,अन्नदाशंकर राय
Brajanath_Ratha,ब्रजनाथ रथ
Gopabandhu_Das,गोपबंधु दास
Gopinath_Mohanty,गोपीनाथ मोहंती
Gourahari_Das,गौरहरि दास
Jagannath_Prasad_Das,जगन्नाथ प्रसाद दास
Saraswati_Samman,सरस्वती सम्मान
Jayanta_Mahapatra,जयंत महापात्र
Manasi_Pradhan,मानसी प्रधान
Manoj_Das,मनोज दास
Manoranjan_Das,मनोरंजन दास
Mohammed_Ayoob,मोहम्मद अयूब
Nirmala_Devi,निर्मला देवी
Pratibha_Satpathy,प्रतिभा शतपथी
Pratyush_Prakash,प्रत्युष प्रकाश
Ramakanta_Rath,रमाकांत रथ
Sachidananda_Raut_Ray,सच्चिदानंद राउतराय
Sarala_Devi,सरला देवी
Sarojini_Sahoo,सरोजिनी साहू
Sitakanta_Mohapatra,सीताकांत महापात्र
Gita_Mehta,गीता मेहता
Haldhar_Nag,हलधर नाग
Kalindi_Charan_Panigrahi,कालिंदी चरण पाणिग्रही
Pratibha_Ray,प्रतिभा राय
Shantanu_Kumar_Acharya,शांतनु कुमार आचार्य
Surendra_Mohanty,सुरेन्द्र मोहंती
Annapurna_Maharana,अन्नपूर्णा महाराणा
Nandini_Sahu,नंदिनी साहू
Gopal_Chhotray,गोपाल छोटराय
Binod_Kanungo,विनोद कानूनगो
Gokulananda_Mohapatra,गोकुलानन्द महापात्र
Bidhu_Bhusan_Das,बिधु भूषण दास
Keshab_Chandra_Dash,केशवचंद्र दाश
Prana_Krushna_Parija,प्राण कृष्ण पारिजा
Sam_Pitroda,सैम पित्रोडा
Nandita_Das,नंदिता दास
Sulagna_Panigrahi,सुलगना पाणिग्राही
Sarat_Pujari,शरत पुजारी
Siddhanta_Mahapatra,सिद्धांत महापात्रा
Rajasmita_Kar,डांस इण्डिया डांस
Prince_Dance_Group,प्रिंस डांस समूह
Geeta_Mahalik,गीता महालिक
Kelucharan_Mohapatra,केलुचरण महापात्र
Mayadhar_Raut,मायाधर राउत
Sanjukta_Panigrahi,संयुक्ता पाणिग्रही
Mira_Nair,मीरा नायर
Nila_Madhab_Panda,नील माधव पंडा
Jatin_Das,यतीन्द्रनाथ दास
Sudarshan_Patnaik,सुदर्शन पटनायक
Raghunath_Mohapatra,रघुनाथ मोहपात्रा
Sona_Mohapatra,सोना मोहपात्रा
Jitendra_Haripal,जितेंद्र हरीपाल
Gopal_Ballav_Pattanaik,जी बी पटनायक
Ranganath_Misra,रंगनाथ मिश्र
Dipak_Misra,दीपक मिश्रा
Anugraha_Narayan_Tiwari,केन्द्रीय सूचना आयोग
Prajna_Paramita,अष्टसाहस्रिका प्रज्ञापारमिता
Chaitanya_Mahaprabhu,चैतन्य महाप्रभु
Baji_Rout,बाजि राउत
Biswanath_Das,विश्वनाथ दास
Bakshi_Jagabandhu,बक्सि जगबन्धु
Chakhi_Khuntia,चाखि खुण्टिआ
Harekrushna_Mahatab,हरेकृष्ण महताब
Madhusudan_Das,मधुसूदन दास
Nabakrushna_Choudhuri,नवकृष्ण चौधरी
Nityananda_Mohapatra,नित्यांनद महापात्र
Subhas_Chandra_Bose,सुभाष चन्द्र बोस
Veer_Surendra_Sai,वीर सुरेन्द्र साए
Anantavarman_Chodaganga,अनन्तवर्मन चोडगंग
Ramai_Deva,रमइ देव
Arjun_Charan_Sethi,अर्जुन चरण सेठी
Bhartruhari_Mahtab,भर्तुहरी महताब
Bijayananda_Patnaik,बीजू पटनायक
Biju_Patnaik,बीजू पटनायक
Binayak_Acharya,बिनायक आचार्य
Biren_Mitra,बीरेन मित्रा
Draupadi_Murmu,द्रौपदी मुर्मू
Giridhar_Gamang,गिरिधर गमांग
Hemananda_Biswal,हेमानन्द बिश्वाल
Janaki_Ballabh_Patnaik,जानकी बल्लभ पटनायक
Kalikesh_Narayan_Singh_Deo,कलिकेश सिंह देव
Nandini_Satpathy,नंदिनी सत्पथी
Naveen_Patnaik,नवीन पटनायक
Nilamani_Routray,नीलमणि राउत्रे
Pinaki_Misra,पिनाकी मिश्र
Prasanna_Kumar_Patasani,प्रसन्न कुमार पटसानी
P.V.Narasimha_Rao,पी॰ वी॰ नरसिम्हा राव
Rabi_Ray,रवि राय
Radhanath_Rath,राधानाथ रथ
Rajendra_Narayan_Singh_Deo,राजेंद्र नारायण सिंह देव
Sadashiva_Tripathy,सदाशिव त्रिपाठी
Sudam_Marndi,सुदाम मरांडी
Sushila_Tiriya,सुशीला तिरिया
Tathagata_Satpathy,तथागत सत्पथी
Durga_Charan_Mohanty,दुर्गाचरण महान्ति
Anuradha_Biswal,अनुराधा बिस्वाल
Budhia_Singh,बुधिया सिंह
Dutee_Chand,दूती चन्द
Katulu_Ravi_Kumar,रवि कतूलू
Srabani_Nanda,सरबनी नन्दा
Pratima_Puhan,प्रतिमा पुहन
Kohima,कोहिमा
Chumukedima,चुमुकेदिमा
S._C._Jamir,एस सी जमीर
Neiphiu_Rio,नेफियू रियो
T._R._Zeliang,टी॰ आर॰ जेलियांग
Shurhozelie_Liezietsu,शुरहोजेलि लियोजित्सु
Govind_Ballabh_Pant,गोविन्द बल्लभ पन्त
Pantnagar_University,गोविन्द बल्लभ पन्त कृषि एवं प्रौद्योगिकी विश्वविद्यालय
Hemwati_Nandan_Bahuguna,हेमवती नंदन बहुगुणा
Hemwati_Nandan_Bahuguna_Garhwal_University,गढ़वाल विश्वविद्यालय
Mina_Rana,मीना राणा
Narendra_Singh_Negi,नरेन्द्र सिंह नेगी
Ali_Abbas_Zafar,अली अब्बास ज़फ़र
Anukriti_Gusain,अनुकृति गोसाई
Anushka_Sharma,अनुष्का शर्मा
Archana_Puran_Singh,अर्चना पूरन सिंह
Asha_Negi,आशा नेगी
Barkha_Bisht,बरखा बिश्त सेनगुप्ता
Chitrashi_Rawat,चित्राशी रावत
Deepak_Dobriyal,दीपक डोबरियाल
Himani_Shivpuri,हिमानी शिवपुरी
Kainaat_Arora,कायनात अरोड़ा
Lavanya_Tripathi,लावण्या त्रिपाठी
Neha_Kakkar,नेहा कक्कड़
Niharika_Singh,निहारिका सिंह
Prasoon_Joshi,प्रसून जोशी
Raghav_Juyal,राघव जुयाल
Sonam_Bajwa,सोनम बाजवा
Sonu_Kakkar,सोनू कक्कड़
Sudhanshu_Pandey,सुधाँशु पांडे
Sukirti_Kandpal,सुकृति कांडपाल
Tigmanshu_Dhulia,तिग्मांशु धूलिया
Tom_Alter,टॉम ऑल्टर
Udita_Goswami,उदिता गोस्वामी
Urvashi_Rautela,उर्वशी रौतेला
Mohan_Upreti,मोहन उप्रेती
Havaldar_Gajender_Singh,गजेन्द्र सिंह बिष्ट
Ashoka_Chakra,अशोक चक्र (प्रतीक)
Maha_Vir_Chakra,महावीर चक्र
General_Bipin_Chandra_Joshi,बिपिन चंद्र जोशी
Admiral_Devendra_Kumar_Joshi,देवेन्द्र कुमार जोशी
Ajit_Kumar_Doval,अजीत डोभाल
Manglesh_Dabral,मंगलेश डबराल
Sumitranandan_Pant,सुमित्रानन्दन पन्त
Shekhar_Pathak,शेखर पाठक
Shailesh_Matiyani,शैलेश मटियानी
Manohar_Shyam_Joshi,मनोहर श्याम जोशी
Ruskin_Bond,रस्किन बॉण्ड
Murli_Manohar_Joshi,मुरली मनोहर जोशी
Mala_Raj_Laxmi_Shah,माला राज्यलक्ष्मी शाह
N.D._Tiwari,नारायण दत्त तिवारी
Bhuvan_Chandra_Khanduri,भुवन चन्द्र खण्डूरी
Ram_Prasad_Nautiyal,राम प्रसाद नौटियाल
Bhagat_Singh_Koshyari,भगत सिंह कोश्यारी
Narayan_Dutt_Tiwari,नारायण दत्त तिवारी
Bhuwan_Chandra_Khanduri,भुवन चन्द्र खण्डूरी
Ramesh_Pokhriyal,रमेश पोखरियाल
Vijay_Bahuguna,विजय बहुगुणा
Abhinav_Bindra,अभिनव बिंद्रा
Bachendri_Pal,बछेंद्री पाल
Ekta_Bisht,एकता बिष्ट
Hemlata_Kala,हेमलता कला
National_Bravery_Award,राष्‍ट्रीय वीरता पुरस्‍कार
Madhumita_Bisht,मधुमिता बिष्ट
Nain_Singh_Rawat,नैन सिंह रावत
Unmukt_Chand,उन्मुक्त चन्द
Prem_Lal_Joshi,प्रेम लाल जोशी
Sundarlal_Bahuguna,सुन्दरलाल बहुगुणा
Hastinapur,हस्तिनापुर
Krishna,कृष्ण
Lakshmana,लक्ष्मण
Ramayana,रामायण
Singapore,सिंगापुर
Lord_Rama,राम
Amir_Khusro,अमीर ख़ुसरो
Bharat_Bhushan,भारत भूषण
Ghazi_Saiyyad_Salar_Masud,सैयद सालार मसूद ग़ाज़ी
Bahraich,बहराइच
Kabir,कबीर
Nizamuddin_Auliya,हज़रत निज़ामुद्दीन
Paramahansa_Yogananda,परमहंस योगानन्द
Salim_Chishti,सलीम चिश्ती
Narottama_Dasa,नरोत्तमदास
Bhagavata_Purana,भागवत पुराण
Devraha_Baba,देवरहा बाबा
Malik_Mohammad_Jayasi,मलिक मोहम्मद जायसी
Shiv_Dayal_Singh,शिव दयाल सिंह
Shriram_Sharma_Acharya,राम शर्मा
Swami_Karpatri,स्वामी करपात्री
Bakht_Khan,बख़्त खान
Begum_Hazrat_Mahal,बेगम हज़रत महल
Mangal_Pandey,मंगल पांडे
Rani_Lakshmibai,रानी लक्ष्मीबाई
Acharya_Narendra_Dev,नरेन्द्र देव
Asaf_Ali,असफ अली
Ashfaqullah_Khan,अशफ़ाक़ुल्लाह ख़ाँ
Kakori,काकोरी
Hindustan_Socialist_Republican_Association,हिन्दुस्तान सोशलिस्ट रिपब्लिकन एसोसिएशन
Bhagat_Singh,भगत सिंह
Chandrashekhar_Azad,चन्द्रशेखर आज़ाद
Chittu_Pandey,चित्तू पाण्डे
Ganesh_Shankar_Vidyarthi,गणेशशंकर विद्यार्थी
Hasrat_Mohani,हसरत मोहानी
Mahavir_Tyagi,महावीर त्यागी
Maulana_Shaukat_Ali,मौलाना शौकत अली
Mukhtar_Ahmed_Ansari,मुख्तार अहमद अंसारी
Munishwar_Dutt_Upadhyay,मुनीश्वर दत्त उपाध्याय
Purushottam_Das_Tandon,पुरुषोत्तम दास टंडन
Rafi_Ahmed_Kidwai,रफ़ी अहमद किदवाई
Raja_Mahendra_Pratap,राजा महेन्द्र प्रताप सिंह
Rajendra_Lahiri,राजेन्द्रनाथ लाहिड़ी
Ram_Manohar_Lohia,राममनोहर लोहिया
Ram_Prasad_Bismil,राम प्रसाद 'बिस्मिल'
Dhan_Singh_Gurjar,धन सिंह गुर्जर
Manoj_Kumar_Pandey,मनोज कुमार पांडेय
Naik_Jadu_Nath_Singh,यदुनाथ सिंह
Yogendra_Singh_Yadav,योगेन्द्र सिंह यादव
Brigadier_Mohammad_Usman,मोहम्मद उस्मान
Kamlesh_Kumari,कमलेश कुमारी
Bhagwan_Das,भगवान दास
Jawaharlal_Nehru,जवाहरलाल नेहरू
Lal_Bahadur_Shastri,लालबहादुर शास्त्री
Ravi_Shankar,रवि शंकर
Pandit_Madan_Mohan_Malviya,मदनमोहन मालवीय
Banaras_Hindu_University,काशी हिन्दू विश्‍वविद्यालय
Ustad_Ghulam_Mustafa_Khan,गुलाम मुस्तफ़ा खान
Amitabh_Bachchan,अमिताभ बच्चन
Kishan_Maharaj,किशन महाराज
Mahesh_Prasad_Mehray,महेश प्रसाद मैहरे
Bhagwati_Charan_Varma,भगवती चरण वर्मा
Irfan_Habib,इरफान हबीब
Josh_Malihabadi,जोश मलिहाबादी
Obaid_Siddiqui,उबैद सिद्दिकी
Rahul_Sankrityayan,राहुल सांकृत्यायन
Ram_Kinkar_Upadhyay,रामकिंकर उपाध्याय
Srilal_Shukla,श्रीलाल शुक्ल
Bekal_Utsahi,बेकल उत्साही
Giriraj_Kishore,गिरिराज किशोर (राजनीतिज्ञ)
Gopaldas_Neeraj,गोपालदास नीरज
Hamid_Ansari,मोहम्मद हामिद अंसारी
K._P._Saxena,के पी सक्सेना
Kapil_Deva_Dvivedi,कपिलदेव द्विवेदी
Kunwar_Digvijay_Singh,कुंवर दिग्विजय सिंह
Mohammed_Shahid,मोहम्मद शाहिद
Muzaffar_Ali,मुज़फ्फर अली
Vidya_Niwas_Mishra,विद्यानिवास मिश्र
Yogiraj_Bharat_Bhushan,भारत भूषण (योगी)
Majrooh_Sultanpuri,मजरुह सुल्तानपुरी
Naushad_Ali,नौशाद
Akhlaq_Mohammed_Khan,अख़लाक़ मुहम्मद ख़ान 'शहरयार'
Ali_Sardar_Jafri,अली सरदार जाफरी
Firaq_Gorakhpuri,फ़िराक़ गोरखपुरी
Mahadevi_Verma,महादेवी वर्मा
Sri_Lal_Sukla,श्रीलाल शुक्ल
Sandeep_Pandey,संदीप पाण्डे
Abhinn_Shyam_Gupta,अभिन्न श्याम गुप्ता
Varun_Bhati,वरुण सिंह भाटी
Lalji_Singh,लालजी सिंह
Prem_Chand_Pandey,प्रेम चंद पाण्डेय
Mriganka_Sur,मृगांक सूर
Rajendra_K._Pachauri,राजेन्द्र कुमार पचौरी
Ram_Nath_Kovind,राम नाथ कोविन्द
Gopal_Swarup_Pathak,गोपाल स्वरूप पाठक
Indira_Gandhi,इन्दिरा गांधी
Choudhary_Charan_Singh,चौधरी चरण सिंह
Rajiv_Gandhi,राजीव गांधी
Vishwanath_Pratap_Singh,विश्वनाथ प्रताप सिंह
Chandra_Shekhar,चन्द्रशेखर
Kalyan_Singh,कल्याण सिंह
Ram_Naresh_Yadav,राम नरेश यादव
Syed_Sibtey_Razi,सैयद सिब्ते रज़ी
Triloki_Nath_Chaturvedi,त्रिलोकी नाथ चतुर्वेदी
Kalraj_Mishra,कलराज मिश्र
Kailas_Nath_Wanchoo,के एन वान्चू
Kamal_Narain_Singh,के एन सिंह (न्यायाधीश)
Mirza_Hameedullah_Beg,मिर्जा हमीदुल्ला बेग
Mohammad_Hidayatullah,मुहम्मद हिदायतुल्लाह
Raghunandan_Swarup_Pathak,आर एस पाठक
V._N._Khare,वी एन खरे
Sucheta_Kripalani,सुचेता कृपलानी
Chandra_Bhanu_Gupta,चन्द्र भानु गुप्ता
Tribhuvan_Narain_Singh,त्रिभुवन नारायण सिंह
Kamalapati_Tripathi,कमलापति त्रिपाठी
Hemvati_Nandan_Bahuguna,हेमवती नंदन बहुगुणा
Banarsi_Das,बनारसी दास
Sripati_Mishra,श्रीपति मिश्रा
Vir_Bahadur_Singh,वीर बहादुर सिंह
Mulayam_Singh_Yadav,मुलायम सिंह यादव
Ram_Prakash_Gupta,राम प्रकाश गुप्ता
Rajnath_Singh,राजनाथ सिंह
Akhilesh_Yadav,अखिलेश यादव
Yogi_Adityanath,योगी आदित्यनाथ
Motilal_Nehru,मोतीलाल नेहरू
Pandit_Madan_Mohan_Malaviya,मदनमोहन मालवीय
Amar_Mani,अमरमणि त्रिपाठी
Arif_Mohammad_Khan,आरिफ़ मोहम्मद ख़ान
Beni_Prasad_Verma,बेनी प्रसाद वर्मा
Deen_Dayal_Upadhyaya,दीनदयाल उपाध्याय
Feroze_Gandhi,फिरोज़ गांधी
Kalpnath_Rai,कल्पनाथ राय
Kamal_Nath,कमल नाथ
Kamlesh_Paswan,कमलेश पासवान
Mahendra_Singh_Tikait,महेंद्र सिंह टिकैत
Prakash_Vir_Shastri,प्रकाशवीर शास्त्री
Arya_Samaj,आर्य समाज
Raj_Babbar,राज बब्बर
Raj_Narain,राजनारायण
Raja_Bhaiya,रघुराज प्रताप सिंह
Rajendra_Kumari_Bajpai,राजेंद्र कुमारी बाजपेयी
Rajkumari_Amrit_Kaur,राजकुमारी अमृत कौर
Ram_Govind_Chaudhary,रामगोविन्द चौधरी
Sheila_Kaul,शीला कौल
Shriprakash_Jaiswal,श्रीप्रकाश जायसवाल
Shiv_Pratap_Shukla,शिव प्रताप शुक्ल
Shyama_Charan_Gupta,श्याम चरण गुप्ता
Shyamlal_Yadav,श्‍याम लाल यादव
Suresh_Pasi,सुरेश पासी
Acharya_Chatursen,आचार्य चतुरसेन शास्त्री
Acharya_Kuber_Nath_Rai,कुबेर नाथ राय
Amritlal_Nagar,अमृतलाल नागर
Ayodhya_Prasad_Upadhyay,अयोध्यासिंह उपाध्याय 'हरिऔध'
Babu_Gulabrai,बाबू गुलाबराय
Baldev_Upadhyaya,बलदेव उपाध्याय
Bhagwati_Charan_Verma,भगवती चरण वर्मा
Bharatendu_Harishchandra,भारतेन्दु हरिश्चंद्र
Hazari_Prasad_Dwivedi,हजारीप्रसाद द्विवेदी
Jaishankar_Prasad,जयशंकर प्रसाद
Kashi_Nath_Singh,काशीनाथ सिंह
Mahapandit_Rahul_Sankrityayan,राहुल सांकृत्यायन
Malik_Muhammad_Jayasi,मलिक मोहम्मद जायसी
Rahi_Masoom_Raza,राही मासूम रज़ा
Rajendra_Yadav,राजेन्द्र यादव
Ramchandra_Shukla,रामचन्द्र शुक्ल
Sachchidananda_Hirananda_Vatsyayan,अज्ञेय
Shrilal_Shukla,श्रीलाल शुक्ल
Vibhuti_Narain_Rai,विभूति नारायण राय
Vinod_Kumar_Shukla,विनोद कुमार शुक्ल
Vishnu_Sarma,विष्णु शर्मा
Panchtantra,पञ्चतन्त्र
Viveki_Rai,विवेकी राय
Ismat_Chugtai,इस्मत चुग़ताई
Mirza_Hadi_Ruswa,मिर्जा हादी रुसवा
Allan_Sealy,आई. ऍलन सीली
Attia_Hosain,अत्तिया हुसैन
Nayantara_Sahgal,नयनतारा सहगल
Vikas_Swarup,विकास स्वरुप
Leema_Dhar,लीमा धर
Akbar_Allahabadi,अक़बर इलाहाबादी
Brij_Narayan_Chakbast,बृज नारायण चकबस्त
Daya_Shankar_Kaul_Nasim,दया शंकर कौल नसीम
Jigar_Moradabadi,जिगर मुरादाबादी
Kaifi_Azmi,कैफ़ी आज़मी
Maulana_Hali,अल्ताफ हुसैन हाली
Mir_Anis,मीर बाबर अली अनीस
Mir_Taqi_Mir,मीर तक़ी मीर
Mirza_Ghalib,मिर्ज़ा ग़ालिब
Safi_Lakhnavi,सफ़ी लखनवी
Gopal_Das_Neeraj,गोपालदास नीरज
Harikrishna_Prasad_Gupta_Agrahari,हरिकृष्ण प्रसाद गुप्ता अग्रहरि
Harivansh_Rai_Bachchan,हरिवंश राय बच्चन
Kaka_Hathrasi,काका हाथरसी
Kedarnath_Singh,केदारनाथ सिंह
Mahadevi_Varma,महादेवी वर्मा
Maithilisharan_Gupt,मैथिलीशरण गुप्त
Shivmangal_Singh_Suman,शिवमंगल सिंह 'सुमन'
Subhadra_Kumari_Chauhan,सुभद्रा कुमारी चौहान
Kumar_Vishwas,कुमार विश्वास
Sir_Syed_Ahmad_Khan,सैयद अहमद ख़ान
Aligarh_Muslim_University,अलीगढ़ मुस्लिम विश्वविद्यालय
City_Montessori_School,सिटी मॉण्टेसरी स्कूल
Lt._General_Zameerud-din_Shah,ज़मीर उद्दीन शाह
Norman_Anil_Kumar_Browne,नॉर्मन अनिल कुमार ब्राउन
Braj_Kumar_Nehru,ब्रज कुमार नेहरू
Shilendra_Kumar_Singh,शैलेन्द्र कुमार सिंह
Vijaya_Lakshmi_Pandit,विजयलक्ष्मी पंडित
Chandrika_Prasad_Srivastava,चंद्रिका प्रसाद श्रीवास्तव
Dharma_Vira,धरम वीरा
Isha_Basant_Joshi,ईशा बसंत जोशी
Vinod_Rai,विनोद राय
Begum_Akhtar,बेग़म अख़्तर
Hari_Prasad_Chaurasia,हरिप्रसाद चौरसिया
Lalmani_Misra,लालमणि मिश्र
Dadasaheb_Phalke_Award,दादासाहेब फाल्के पुरस्कार
Vishnu_Narayan_Bhatkhande,विष्णु नारायण भातखंडे
Vikash_Maharaj,विकास महाराज
Kanpur,कानपुर
Ankit_Tiwari,अंकित तिवारी
Anup_Jalota,अनूप जलोटा
Girija_Devi,गिरिजा देवी
Kailash_Kher,कैलाश खेर
Kanika_Kapoor,कनिका कपूर
Shubha_Mudgal,शुभा मुद्गल
Siddheshwari_Devi,सिद्धेश्वरी देवी
Talat_Mahmood,तलत महमूद
Ali_Quli_Mirza,अली क़ुली मिर्ज़ा
Baba_Sehgal,बाबा सहगल
Birju_Maharaj,बिरजू महाराज
Lachhu_Maharaj,लच्छू महाराज
Kapila_Vatsyayan,कपिला वात्स्यायन
Sitara_Devi,सितारा देवी
Dhyan_Chand,ध्यानचंद सिंह
K._D._Singh,कुंवर दिग्विजय सिंह
Bhuvneshwar_Kumar,भुवनेश्वर कुमार
Chetan_Chauhan,चेतन चौहान
Manoj_Prabhakar,मनोज प्रभाकर
Mohammed_Kaif,मोहम्मद कैफ़
Mohammed_Shami,मोहम्मद शमी
Piyush_Chawla,पीयूष चावला
Praveen_Kumar,प्रवीण कुमार
R._P._Singh,रुद्र प्रताप सिंह
Raman_Lamba,रमन लांबा
Rohan_Gavaskar,रोहन गावस्कर (
Suresh_Raina,सुरेश रैना
Umesh_Yadav,उमेश यादव
Kuldeep_Yadav,कुलदीप यादव
Shivam_Mavi,शिवम मावी
Jitu_Rai,जीतू राय
Arun_Nehru,अरुण नेहरू
Dharamvir_Bharati,धर्मवीर भारती
Narendra_Mohan,नरेन्द्र मोहन
Raghuvir_Sahay,रघुवीर सहाय
Ram_Bahadur_Rai,राम बहादुर राय
Surendra_Pratap_Singh,सुरेन्द्र प्रताप सिंह (पत्रकार)
Raju_Srivastava,राजू श्रीवास्तव
Amir_Khan,आमिर ख़ान (बहुविकल्पी)
Disha_Patani,दिशा पाटनी
Jimmy_Shergill,जिमी शेरगिल
Abhishek_Bachchan,अभिषेक बच्चन
Mika_Singh,मीका सिंह
Nawazuddin_Siddiqui,नवाज़ुद्दीन सिद्दीकी
Achint_Kaur,अचिंत कौर
Aditi_Sharma,अदिति शर्मा
Aditya_Srivastava,आदित्य श्रीवास्तव
Ali_Fazal,अली फज़ल
Arun_Govil,अरुण गोविल
Lara_Dutta,लारा दत्ता
Pooja_Batra,पूजा बत्रा
Rajpal_Yadav,राजपाल यादव
Dalip_Tahil,दलीप ताहिल
Zohra_Segal,ज़ोहरा सहगल
Kumar_Gaurav,कुमार गौरव
Raza_Murad,रज़ा मुराद
Chunky_Pandey,चंकी पांडे
Mandakini,मन्दाकिनी (बहुविकल्पी)
Dipti_Bhatnagar,दीप्ति भटनागर
Kadar_Khan,कादर ख़ान
Meenakshi_Dixit,मीनाक्षी दीक्षित
Naseeruddin_Shah,नसीरुद्दीन शाह
Ravi_Kishan,रवि किशन
Saurabh_Shukla,सौरभ शुक्ला
Shweta_Tiwari,श्वेता तिवारी
Siddharth_Nigam,सिद्धार्थ निगम
Sonal_Chauhan,सोनल चौहान
Vineet_Kumar_Singh,विनीत कुमार सिंह
Zoya_Afroz,ज़ोया अफ़रोज़
Anurag_Kashyap,अनुराग कश्यप
Farhan_Akhtar,फरहान अख्तर
K._Asif,के॰ आसिफ़
Kamal_Amrohi,कमाल अमरोही
Prakash_Mehra,प्रकाश मेहरा
Vishal_Bhardwaj,विशाल भारद्वाज
Zoya_Akhtar,ज़ोया अख़्तर
Kavita_Seth,कविता सेठ
Hemanta_Kumar_Mukhopadhyay,हेमन्त कुमार मुखोपाध्याय
Rajkumari_Dubey,राजकुमारी दुबे
Sunidhi_Chauhan,सुनिधि चौहान
Vidup_Agrahari,विदुप अग्रहरि
Shakeel_Badayuni,शकील बदायूँनी
Manoj_Muntashir,मनोज मुंतशिर
Anand_Milind,आनंद-मिलिंद
Arvind_Gaur,अरविन्द गौड़
Nadira_Babbar,नादिरा बब्बर
Wajid_Ali_Shah,वाजिद अली शाह
Raja_Todar_Mal,टोडरमल
Abdul_Rahim_Khan-I-Khana,रहीम
Birbal,राजा बीरबल
Antakshari,अन्त्याक्षरी
Raju_Srivastav,राजू श्रीवास्तव
Surendra_Pal,सुरेन्द्र पाल
Billy_Arjan_Singh,बिली अर्जन सिंह
Masud_Husain_Khan,मसूद हुसैन ख़ान
Renu_Khator,रेणु खाटोर
Shyam_Group,श्याम ग्रुप
Sahara_India,सहारा इंडिया परिवार
Abu_Salem,अबु सालेम
Mukhtar_Ansari,मुख्तार अंसारी
Phoolan_Devi,फूलन देवी
Shri_Prakash_Shukla,श्रीप्रकाश शुक्ल
Sampat_Pal_Devi,संपत पाल
Sheila_Dikshit,शीला दीक्षित
National_Bal_Shree_Honour,राष्ट्रीय बाल श्री सम्मान
Nari_Shakti_Puraskar,नारी शक्ति सम्मान
Mahapandit_Rahul_Sankrityayan_Award,महापंडित राहुल सांकृत्यायन पुरस्कार
Sahitya_Akademi_Fellowship,साहित्य अकादमी फ़ैलोशिप
Sangeet_Natak_Akademi_Award,संगीत नाटक अकादमी पुरस्कार
Dronacharya_Award,द्रोणाचार्य पुरस्कार
Dhyan_Chand_Award,ध्यानचंद पुरस्कार
Shanti_Swarup_Bhatnagar_Prize,शांति स्वरूप भटनागर विज्ञान एवं प्रौद्योगिकी पुरस्कार
Kalinga_Prize,कलिंग पुरस्कार
Dr._B._C._Roy_Award,डॉ बी सी राय पुरस्कार
Gandhi_Peace_Prize,गांधी शांति पुरस्कार
Indira_Gandhi_Peace_Prize,इंदिरा गांधी शांति पुरस्कार
Vir_Chakra,वीर चक्र
Kirti_Chakra,कीर्ति चक्र
Shaurya_Chakra,शौर्य चक्र
Sena_Medal,सेना मेडल
Nau_Sena_Medal,नौ सेना पदक
Navy,नौसेना
Vayu_Sena_Medal,वायु सेना पदक
Air_Force,वायुसेना
Sarvottam_Yudh_Seva_Medal,सर्वोत्तम युद्ध सेवा पदक
Uttam_Yudh_Seva_Medal,उत्तम युद्ध सेवा पदक
Yudh_Seva_Medal,युद्ध सेवा पदक
Param_Vishisht_Seva_Medal,परम विशिष्ट सेवा पदक
Ati_Vishisht_Seva_Medal,अति विशिष्ट सेवा पदक
Vishisht_Seva_Medal,विशिष्ट सेवा पदक
Samanya_Seva_Medal,सामान्य सेवा पदक 1965
Operation_Vijay_Star,ऑपरेशन विजय स्टार
Siachen_Glacier_Medal,सियाचिन ग्लेशियर पदक
Operation_Parakram_Medal,ऑपरेशन पराक्रम पदक
Kasganj,कासगंज
Hamirpur,हमीरपुर
Balrampur,बलरामपुर
Ambedkar_Nagar,अम्बेडकर नगर ज़िला
Kushinagar,कुशीनगर
Kannauj,कन्नौज
Kanpur_Nagar,कानपुर नगर जिला
Kanpur_Dehat,कानपुर देहात जिला
Lakhimpur_Kheri,लखीमपुर खीरी जिला
Gautam_Buddh_Nagar,गौतम बुद्ध नगर जिला
Hapur,हापुड़
J.B._Chaudhary,जय भगवान चौधरी
Manushi_Chhillar,मानुषी छिल्लर
Jagat_Jakhar,जगत जाखड़
Jaideep_Ahlawat,जयदीप अहलावत
Parul_Gulati,पारुल गुलाटी
Juhi_Chawla,जूही चावला
Baje_Bhagat,बाजे भगत
Mallika_Sherawat,मल्लिका शेरावत
Om_Puri,ओम पुरी
Parineeti_Chopra,परिणीति चोपड़ा
Rajkummar_Rao,राजकुमार राव
Randeep_Hooda,रणदीप हुड्डा
Sunil_Dutt,सुनील दत्त
Usha_Sharma,उषा शर्मा
Sunil_Grover,सुनील ग्रोवर
Nek_Chand_Saini,नेक चन्द सैनी
Gajendra_Verma,गजेंद्र वर्मा
Ghulam_Farid_Sabri,गुलाम फरीद साबरी
Haryana,हरियाणा
East_Punjab,पूर्वी पंजाब
Lakhmi_Chand,लखमी चंद
Sonu_Nigam,सोनू निगम
Zohrabai_Ambalewali,ज़ोहराबाई अम्बालेवाली
Shekhar_Gurera,शेखर गुरेरा
Preeti_Singh,प्रीति सिंह
Subhash_Chandra,सुभाष चंद्रा
Naveen_Jindal,नवीन जिन्दल
Deepak_Kapoor,दीपक कपूर
VK_Singh,विजय कुमार सिंह
Dalbir_Singh_Suhag,दलबीर सिंह सुहाग
Vijay_Kumar_Singh,विजय कुमार सिंह
Bhiwani,भिवानी
Umrao_Singh,उमराव सिंह यादव
Hoshiar_Singh,होशियार सिंह
Liaquat_Ali_Khan,लियाक़त अली ख़ान
Karnal,करनाल
Arvind_Kejriwal,अरविंद केजरीवाल
Ashok_Tanwar,अशोक तंवर
Avtar_Singh_Bhadana,अवतार सिंह भड़ाना
Bansi_Lal,बंसी लाल
Bhajan_Lal,भजन लाल
Bhupinder_Singh_Hooda,भूपेंद्र सिंह हुड्डा
Devi_Lal,देवी लाल
Om_Prakash_Chautala,ओमप्रकाश चौटाला
Rao_Birender_Singh,राव बीरेन्द्र सिंह
Rohtak_District,रोहतक जिला
Sushma_Swaraj,सुषमा स्वराज
Manmohan_Singh,मनमोहन सिंह
Sir_Chhotu_Ram,छोटूराम
Deshbandhu_Gupta,देशबंधु गुप्ता
Ranbir_Singh_Hooda,रणबीर सिंह हुड्डा
Manoj_Kumar,मनोज कुमार
Vijender_Singh,विजेन्द्र सिंह
Virender_Sehwag,वीरेन्द्र सहवाग
Jhajjar_District,झज्जर जिला
Amit_Mishra,अमित मिश्रा
Barinder_Sran,बरिंदर स्रां
Chetan_Sharma,चेतन शर्मा
Joginder_Sharma,जोगिंदर शर्मा
Kapil_Dev,कपिलदेव
Mohit_Sharma,मोहित शर्मा
Yuzvendra_Chahal,युजवेन्द्र चहल
Pritam_Rani_Siwach,प्रीतम रानी सिवाच
Sandeep_Singh,संदीप सिंह
Sardara_Singh,सरदार सिंह
Suman_Bala,सुमन बाला
Sunil_Dabas,सुनील डबास
Santosh_Yadav,संतोष यादव
Yogeshwar_Dutt,योगेश्वर दत्त
Chandgi_Ram,चंदगी राम
Sakshi_Malik,साक्षी मलिक
Geeta_Phogat,गीता फोगाट
Amar_Ujala,अमर उजाला
Zee_News,ज़ी न्यूज़
Bibhutibhushan_Bandyopadhyay,बिभूतिभूषण बंधोपाध्याय
Tarasankar_Bandyopadhyay,ताराशंकर बंद्योपाध्याय
Rajshekhar_Basu,राजशेखर बोस
Amiya_Chakravarty,अमीय चक्रवर्ती
Bankim_Chandra_Chatterjee,बंकिमचन्द्र चट्टोपाध्याय
Sarat_Chandra_Chattopadhyay,शरत्चन्द्र चट्टोपाध्याय
Mahasweta_Devi,महाश्वेता देवी
Sudhindranath_Dutta,सुधीन्द्रनाथ दत्त
Kazi_Nazrul_Islam,काज़ी नज़रुल इस्लाम
Satyajit_Ray,सत्यजित राय
Rabindranath_Tagore,रबीन्द्रनाथ ठाकुर
Leela_Majumdar,लीला मजूमदार
Shirshendu_Mukhopadhyay,शीर्षेन्दु मुखोपाध्याय
Sunil_Gangopadhyay,सुनील गंगोपाध्याय
Premendra_Mitra,प्रेमन्द्र मित्र
Moti_Nandi,मति नंदी
Samaresh_Majumdar,समरेश मजूमदार
Krittibas_Ojha,कृत्तिवास ओझा
Kashiram_Das,काशीराम दास
Bharat_Chandra,भारतचंद्र राय
Iswar_Gupta,ईश्वरचंद्र गुप्त
Kaliprasanna_Sinha,कालीप्रसन्न सिंह
Swami_Vivekananda,स्वामी विवेकानन्द
Dwijendralal_Ray,द्विजेन्द्रलाल राय
Trailokyanath_Sanyal,त्रैलोक्यनाथ संयाल
Toru_Dutt,तोरु दत्त
Sri_Aurobindo,अरविन्द घोष
Jhumpa_Lahiri,झुम्पा लाहिड़ी
Amitav_Ghosh,अमिताभ घोष
Amit_Chaudhuri,अमित चौधुरी
Chitra_Banerjee_Divakaruni,चित्रा बैनर्जी दिवाकरूणी
Subodh_Ghosh,सुबोध घोष
Sukanta_Bhattacharya,सुकान्त भट्टाचार्य
Bimal_Kar,बिमल कर
Shakti_Chattopadhyay,शक्ति चट्टोपाध्याय
Shankha_Ghosh,शंख घोष
Arun_Mitra,अरुण मित्र
Nirendranath_Chakraborty,नीरेन्द्रनाथ चक्रवर्ती
Alokranjan_Dasgupta,आलोकरंजन दासगुप्ता
Santosh_Kumar_Ghosh,संतोष कुमार घोष
Bimal_Mitra,बिमल मित्र
Buddhadeb_Guha,बुद्धदेव गुहा
Sandipan_Chattopadhyay,संदीपन चट्टोपाध्याय
Samir_Roychoudhury,समीर रायचौधुरी
Buddhadev_Dasgupta,बुद्धदेव दासगुप्ता
Salil_Choudhury,सलिल चौधरी
Subimal_Basak,सुबिमल बसाक
Baby_Halder,बेबी हलदर
Binoy_Majumdar,बिनय मजूमदार
Joy_Goswami,जय गोस्वामी
Subodh_Sarkar,सुबोध सरकार
Mallika_Sengupta,मल्लिका सेनगुप्ता
Tarashankar_Bandopadhyay,ताराशंकर बंद्योपाध्याय
Ramananda_Chatterjee,रामानन्द चट्टोपाध्याय
Raja_Ram_Mohan_Roy,राजा राममोहन राय
Bhudev_Mukhopadhyay,भूदेव मुखोपाध्याय
Rajendralal_Mitra,राजेन्द्रलाल मित्र
Haraprasad_Shastri,हरप्रसाद शास्त्री
Sir_Jadunath_Sarkar,यदुनाथ सरकार
Rajsekhar_Bose,राजशेखर बोस
Ramesh_Chandra_Majumdar,रमेशचन्द्र मजुमदार
Ramesh_Chandra_Dutta,रमेशचन्द्र दत्त
Girindrasekhar_Bose,गिरीन्द्रशेखर बोस
Suniti_Kumar_Chatterjee,सुनीति कुमार चटर्जी
Biraja_Sankar_Guha,बिरजा शंकर गुह
Niharranjan_Ray,नीहाररंजन राय
Dineshchandra_Sircar,दिनेशचंद्र सरकार
Debiprasad_Chattopadhyaya,देवीप्रसाद चट्टोपाध्याय
Amartya_Sen,अमर्त्य सेन
Ranajit_Guha,रंजीत गुहा
Sumit_Sarkar,सुमित सरकार
Gayatri_Spivak,गायत्री चक्रवर्ती स्पीवाक
Vina_Mazumdar,वीना मजूमदार
Radhakanta_Deb,राधाकान्त देव
Asima_Chatterjee,असीमा चटर्जी
Ashutosh_Mukherjee,आशुतोष मुखर्जी
Sudhi_Ranjan_Das,एस आर दास
Mahesh_Chandra_Nyayratna_Bhattacharyya,महेश चन्द्र नारायण भट्टाचार्य
Madhusudana_Saraswati,मधुसूदन सरस्वती
Keshub_Chunder_Sen,केशवचन्द्र सेन
Surendranath_Dasgupta,सुरेन्द्रनाथ दासगुप्त
Bimal_Krishna_Matilal,बिमल कृष्ण माटीलाल
Radhanath_Sikdar,राधानाथ सिकदार
Satyendra_Nath_Bose,सत्येन्द्रनाथ बोस
Ashoke_Sen,अशोक सेन
Sisir_Kumar_Mitra,शिशिर कुमार मित्रा
Ashesh_Prosad_Mitra,अशेष प्रसाद मित्र
Ramprasad_Sen,रामप्रसाद सेन
Debendranath_Tagore,देवेन्द्रनाथ ठाकुर
Sarada_Devi,शारदा देवी
A.C._Bhaktivedanta_Swami_Prabhupada,अभयचरणारविंद भक्तिवेदांत स्वामी प्रभुपाद
Raja_Rammohan_Roy,राजा राममोहन राय
Keshab_Chandra_Sen,केशवचन्द्र सेन
Protap_Chunder_Mozoomdar,प्रताप चंद्र मजूमदार
Umesh_Chandra_Dutta,उमेश चन्द्र दत्त
Rajnarayan_Basu,राजनारायण बसु
Sib_Chandra_Deb,शिब चन्द्र देव
Madhusudan_Dutta,माइकल मधुसुदन दत्त
Rani_Rashmoni,रानी रासमणि
Kadambini_Ganguly,कादम्बिनी गांगुली
Chandramukhi_Basu,चन्द्रमुखी बसु
Abanindranath_Tagore,अवनींद्र नाथ टैगोर
Gaganendranath_Tagore,गगनेन्द्रनाथ ठाकुर
Nandalal_Bose,नंदलाल बोस
Jamini_Roy,जामिनी राय
Ramkinkar_Baij,रामकिंकर बैज
Binode_Bihari_Mukherjee,बिनोद बिहारी मुखर्जी
Anil_Karanjai,अनिल करनजय
Paresh_Maity,परेश मैती
Raichand_Boral,रायचन्द बोराल
Sachin_Dev_Burman,सचिन देव बर्मन
Salil_Chowdhury,सलिल चौधरी
Hemanta_Mukherjee,हेमन्त कुमार मुखोपाध्याय
Nikhil_Banerjee,निखिल रंजन बैनर्जी
Annapurna_Devi,अन्नपूर्णा देवी
Pannalal_Ghosh,पन्नालाल घोष
Ustad_Ali_Akbar_Khan,अली अक़बर ख़ाँ
Pandit_Ravi_Shankar,रवि शंकर
Baba_Allauddin_Khan,उस्ताद अलाउद्दीन खान
Naina_Devi,"नैना देवी मंदिर, हिमाचल प्रदेश"
Ajoy_Chakrabarty,अजॉय चक्रबर्ती
Bishnupur_Gharana,विष्णुपुर घराना
K._C._Dey,कृष्ण चन्द्र डे
Pankaj_Kumar_Mullick,पंकज मलिक
Kanan_Devi,कानन देवी
Amit_Kumar,अमित कुमार
Bappi_Lahiri,बप्पी लाहिड़ी
Babul_Supriyo,बाबुल सुप्रियो
R_D_Burman,राहुल देव बर्मन
Kishore_Kumar,किशोर कुमार
Kumar_Sanu,कुमार सानु
Manna_Dey,मन्ना डे
Ruma_Guha_Thakurta,रूमा गुहा ठाकुरता
Arijit_Singh,अरिजीत सिंह
Rupam_Islam,रूपम इस्लाम
Ritwik_Ghatak,ऋत्विक घटक
Mrinal_Sen,मृणाल सेन
Bimal_Roy,बिमल राय
Hrishikesh_Mukherjee,ऋषिकेश मुखर्जी
Basu_Chatterjee,बासु चटर्जी
Chidananda_Dasgupta,चिदानन्द दासगुप्ता
Aparna_Sen,अपर्णा सेन
Rituparno_Ghosh,रितुपर्णो घोष
Anurag_Basu,अनुराग बसु
Shiboprosad_Mukherjee,शिवप्रसाद मुखोपाध्याय
Uttam_Kumar,उत्तम कुमार
Soumitra_Chatterjee,सौमित्र चटर्जी
Chhabi_Biswas,छबि बिस्वास
Mithun_Chakraborty,मिथुन चक्रवर्ती
Pradeep_Kumar,प्रदीप कुमार
Rahul_Roy,राहुल रॉय
Victor_Banerjee,विक्टर बैनर्जी
Abhishek_Chatterjee,अभिषेक चटर्जी
Keshto_Mukherjee,केष्टो मुखर्जी
Apurva_Agnihotri,अपूर्व अग्निहोत्री
Parambrata_Chatterjee,परमब्रत चटर्जी
Tathagata_Mukherjee,तथागत मुखर्जी
Debashree_Roy,देबश्री राय
Devika_Rani,देविका रानी
Kananbala,कानन देवी
Madhabi_Mukherjee,माधवी मुखर्जी
Mamata_Shankar,ममता शंकर
Moon_Moon_Sen,मुनमुन सेन
Moushmi_Chatterji,मौसमी चटर्जी
Pratyusha_Banerjee,प्रत्युषा बनर्जी
Raima_Sen,राइमा सेन
Reemma_Sen,रीमा सेन
Rimi_Sen,रिमी सेन
Rituparna_Sengupta,रितुपर्णा सेनगुप्ता
Riya_Sen,रिया सेन
Sabitri_Chatterjee,सावित्री चटर्जी
Sharmila_Tagore,शर्मिला टैगोर
Suchitra_Sen,सुचित्रा सेन
Sumita_Sanyal,सुमिता सान्याल
Supriya_Devi,सुप्रिया देवी
Sharmila_Biswas,शर्मिला विश्वास
S._K._Burman,डाबर
Dinabandhu_Mitra,दीनबन्धु मित्र
Sisir_Bhaduri,शिशिर कुमार भादुड़ी
Shambhu_Mitra,सोंभु मित्रा
Badal_Sarkar,बादल सरकार
Ballal_Sen,बल्लाल सेन
Lakshman_Sen,लक्ष्मण सेन
Lord_Satyendra_Prasanna_Sinha,सत्येन्द्र प्रसन्न सिन्हा
Cooch_Behar,कूचबिहार
Surendranath_Banerjee,सुरेंद्रनाथ बैनर्जी
Womesh_Chandra_Bonnerjee,उमेश चन्द्र बनर्जी
Bipin_Chandra_Pal,विपिनचंद्र पाल
Barindra_Kumar_Ghosh,बारीन्द्र कुमार घोष
Khudiram_Bose,खुदीराम बोस
Bagha_Jatin,बाघा यतीन
Chittaranjan_Das,चितरंजन दास
Rash_Behari_Bose,रासबिहारी बोस
Sarat_Chandra_Bose,शरत्चन्द्र बोस
Netaji_Subhas_Chandra_Bose,सुभाष चन्द्र बोस
Jatindra_Nath_Das,यतीन्द्रनाथ दास
Bina_Das,बीना दास
Matangini_Hazra,मातंगिनी हाजरा
B._C._Roy,बिधान चंद्र रॉय
Syama_Prasad_Mookerjee,श्यामाप्रसाद मुखर्जी
Basanta_Kumar_Biswas,बसन्त कुमार विश्वास
Ambika_Chakrobarty,अम्बिका चक्रवर्ती
Jogesh_Chandra_Chattopadhyay,योगेश चन्द्र चटर्जी
Huseyn_Shaheed_Suhrawardy,हुसैन शहीद सुहरावर्दी
Shyama_Prasad_Mukherjee,श्यामाप्रसाद मुखर्जी
Ashok_Mitra,अशोक मित्र
Mamata_Banerjee,ममता बनर्जी
Buddhadeb_Bhattacharya,बुद्धदेव भट्टाचार्य
Saugata_Roy,सौगत रॉय
Tathagata_Roy,तथागत राय
Pranab_Mukherjee,प्रणब मुखर्जी
Jyoti_Basu,ज्योति बसु
Somnath_Chatterjee,सोमनाथ चटर्जी
Mriganko_Mahato,मृगंक महतो
Mother_Teresa,मदर टेरेसा
Jhulan_Goswami,झूलन गोस्वामी
Priyanka_Roy,प्रियंका रॉय
Rumeli_Dhar,रुमेली धर
Sourav_Ganguly,सौरव गांगुली
Ashok_Dinda,अशोक डिंडा
Wriddhiman_Saha,रिद्धिमान साहा
Gostho_Pal,गोस्था पाल
Leander_Paes,लिएंडर पेस
Arati_Saha,आरती साहा
Bula_Choudhury,बुला चौधुरी
Mihir_Sen,मिहिर कुमार सेन
Mouma_Das,मौमा दास
Poulomi_Ghatak,पौलोमी घटक
Ankita_Das,अंकिता दास
Soumyajit_Ghosh,सौम्यजीत घोष
Jyotirmoyee_Sikdar,ज्योतिर्मोयी सिकदर
Arjun_Atwal,अर्जुन अटवाल
Anirban_Lahiri,अनिर्वण लाहिड़ी
Dipa_Karmakar,दीपा कर्मकार
Jagat_Seth,जगतसेठ
Dwarakanath_Tagore,द्वारकानाथ ठाकुर
Ram_Nath_Goenka,रामनाथ गोयनका
Rajat_Kumar_Gupta,रजत गुप्ता
Dilip_Shanghvi,दिलीप संघवी
Amar_Bose,अमर बोस
Shankar_Roychowdhury,शंकर रॉयचौधरी
Arup_Raha,अरुप राहा
Zain_Imam,ज़ैन इमाम
Karan_Singh_Grover,करन सिंह ग्रोवर
Vikas_Bahl,विकास बहल
Bipasha_Basu,बिपाशा बसु
Chetan_Bhagat,चेतन भगत
Rahul_Dev,राहुल देव
Ajay_Devgan,अजय देवगन
Esha_Gupta,ईशा गुप्ता
Saif_Ali_Khan,सैफ़ अली ख़ान
Shah_Rukh_Khan,शाहरुख़ ख़ान
Shahid_Kapoor,शाहिद कपूर
Shakti_Kapoor,शक्ति कपूर
Akshay_Kumar,अक्षय कुमार (अभिनेता)
Minissha_Lamba,मिनीषा लाम्बा
Siddharth_Malhotra,सिद्धार्थ मल्होत्रा
Kriti_Sanon,कृति सैनॉन
Saqib_Saleem,साकिब सलीम
Huma_Qureshi,हुमा क़ुरैशी
Honey_Singh,यो यो हनी सिंह
Pulkit_Samrat,पुलकित सम्राट
Koyal_Rana,कोयल राणा
Bhuvan_Bam,भुवन बाम
Barun_Sobti,बरुन सोबती
Rajesh_Khattar,राजेश खट्टर
Bahadurshah_Zafar,बहादुर शाह ज़फ़र
Priyanka_Gandhi,प्रियंका गांधी
Rahul_Gandhi,राहुल गांधी
Pervez_Musharraf,परवेज़ मुशर्रफ़
Kedar_Nath_Sahani,केदारनाथ साहनी
Sahib_Singh_Verma,साहिब सिंह वर्मा
Gautam_Gambhir,गौतम गंभीर
Parvesh_Sahib_Singh_Verma,प्रवेश साहिब सिंह वर्मा
Mohinder_Amarnath,मोहिंदर अमरनाथ
Yuki_Bhambri,युकी भांबरी
Shikhar_Dhawan,शिखर धवन
Ajay_Jadeja,अजय जडेजा
Surinder_Khanna,सुरिन्दर खन्ना
Virat_Kohli,विराट कोहली
Rahul_Sanghvi,राहुल संघवी
Geet_Sethi,गीत सेठी
Ishant_Sharma,इशांत शर्मा
Sanjeev_Sharma,संजीव शर्मा
Atul_Wassan,अतुल वासन
Jasleen_Dhamija,जसलिन धमिजा
KP_Singh,कुशल पाल सिंह
Mohan_Singh_Oberoi,मोहन सिंह ओबराय
Kunal_Bahl,कुणाल बहल
Rohit_Bansal,रोहित बंसल
Har_Gobind_Khorana,हरगोविन्द खुराना
Dilbagh_Singh,दिलबाग सिंह
Arjan_Singh,अर्जन सिंह
Om_Prakash_Mehra,ओमप्रकाश मेहरा
Joginder_Jaswant_Singh,जोगिन्दर जसवन्त सिंह
Pran_Nath_Thapar,प्राण नाथ थापर
Kuldip_Singh_Chandpuri,कुलदीप सिंह चांदपुरी
Lt_General,लेफ्टिनेंट जनरल
Jagjit_Singh_Aurora,जगजीत सिंह अरोड़ा
Karambir_Singh,करमबीर सिंह
Nand_Singh,नंद सिंह
Lance_Naik,लांस नायक
Karam_Singh,करम सिंह
Nirmal_Jit_Singh_Sekhon,निर्मलजीत सिंह सेखों
Gurbachan_Singh_Salaria,गुरबचन सिंह सलारिया
Rajinder_Singh_Sparrow,राजिंदर सिंह स्पैरो
Jag_Mohan_Nath,जगमोहन नाथ
Dewan_Ranjit_Rai,दीवान रंजीत राय
Tapishwar_Narain_Raina,तपीश्वर नारायण रैना
Bhai_Mani_Singh,भाई मणी सिंह
Baba_Deep_Singh,बाबा दीप सिंह
Maharaja_Ranjit_Singh,महाराजा रणजीत सिंह
Hari_Singh_Nalwa,सरदार हरि सिंह नलवा
Jassa_Singh_Ahluwalia,जस्सा सिंह अहलुवालिया
Dewan_Mokham_Chand,दिवान मोखम चंद
Maharaja_Bhupinder_Singh,भूपिन्दर सिंह (पटियाला)
Trishneet_Arora,त्रिशनित अरोरा
Sabeer_Bhatia,सबीर भाटिया
Manjit_Bawa,मनजीत बावा
Narinder_Singh_Kapany,नरिंदर सिंह कपानी
Kalpana_Chawla,कल्पना चावला
Dev_Anand,देव आनन्द
Shekhar_Kapur,शेखर कपूर
Baldev_Raj_Chopra,बलदेव राज चोपड़ा
Ravi_Chopra,रवि चोपड़ा
Sunny_Deol,सनी देओल
Veeru_Devgan,वीरू देवगन
Anil_Devgan,अनिल देवगन
Sanjay_Dutt,संजय दत्त
Suresh_Oberoi,सुरेश ओबेरॉय
Madan_Puri,मदन पुरी
Balraj_Sahni,बलराज साहनी
Bhisham_Sahni,भीष्म साहनी
Parikshit_Sahni,परीक्षित साहनी
Anand_Bakshi,आनंद बख्शी
Bina_Rai,बीना राय
David_Dhawan,डेविड धवन
Deepti_Naval,दीप्ती नवल
Dara_Singh,दारा सिंह
Divya_Dutta,दिव्या दत्ता
Geeta_Bali,गीता बाली
Gul_Panag,गुल पनाग
I._S._Johar,आई॰ एस॰ जौहर
Kamini_Kaushal,कामिनी कौशल
Kulbhushan_Kharbanda,कुलभूषण खरबंदा
Kirron_Kher,किरण खेर
Mangal_Dhillon,मंगल ढ़िल्लों
Mukesh_Khanna,मुकेश खन्ना
Mandira_Bedi,मंदिरा बेदी
Monica_Bedi,मोनिका बेदी
Navin_Nischol,नवीन निश्चल
Pankaj_Kapur,पंकज कपूर
Poonam_Dhillon,पूनम ढिल्लों
Parmeet_Sethi,परमीत सेठी
Pooja_Bedi,पूजा बेदी
Ruby_Bhatia,रूबी भाटिया
Rajendra_Kumar,राजेन्द्र कुमार
Rati_Agnihotri,रति अग्निहोत्री
Raveena_Tandon,रवीना टंडन
Rajat_Kapoor,रजत कपूर
Rajesh_Khanna,राजेश खन्ना
Simi_Garewal,सिमी गरेवाल
Saeed_Jaffrey,सईद जाफ़री
Vinod_Khanna,विनोद खन्ना
Vinod_Mehra,विनोद मेहरा
Jaspal_Bhatti,जसपाल भट्टी
Deepa_Mehta,दीपा मेहता
Guru_Nanak,गुरु नानक
Guru_Angad,गुरु अंगद देव
Guru_Amar_Das,गुरु अमर दास
Guru_Ram_Das,गुरु राम दास
Guru_Arjan_Dev,गुरु अर्जुन देव
Guru_Hargobind,गुरु हरगोबिन्द
Guru_Har_Rai,गुरु हर राय
Guru_Har_Krishan,गुरु हर किशन
Guru_Teg_Bahadur,गुरु तेग़ बहादुर
Guru_Granth_Sahib,गुरु ग्रन्थ साहिब
Sri_Chand,श्री चन्द्रमुनि
Bhai_Gurdas,भाई गुरदास
Shardha_Ram_Phillauri,श्रद्धाराम शर्मा
Nanak_Singh,नानक सिंह
Dhani_Ram_Chatrik,धनीराम 'चातृक'
Bhai_Kahn_Singh_Nabha,कान्ह सिंह नाभा
Bhai_Vir_Singh,भाई वीरसिंह
Rajinder_Singh_Bedi,राजिंदर सिंह बेदी
Shiv_Kumar_Batalvi,शिव कुमार बटालवी
Sahir_Ludhianvi,साहिर लुधियानवी
Amrita_Pritam,अमृता प्रीतम
Jaswant_Neki,जसवंत सिंह नेकी
Harbhajan_Singh,हरभजन सिंह
Ajmer_Rode,अजमेर रोडे
Navtej_Bharati,नवतेज भारती
Jaswant_Singh_Kanwal,जसवंत सिंह कँवल
Hafeez_Jullundhri,हफ़ीज़ जालंधरी
Saadat_Hasan_Manto,सआदत हसन मंटो
Mehr_Lal_Soni_Zia_Fatehabadi,ज़िया फ़तेहाबादी
Kulwant_Singh_Virk,कुलवंत सिंह विर्क
Khushwant_Singh,खुशवन्त सिंह
Kartar_Singh_Duggal,करतार सिंह दुग्गल
Susham_Bedi,सुषम बेदी
Kuldip_Nayar,कुलदीप नैयर
Arun_Shourie,अरुण शौरी
Tarun_Tejpal,तरुण तेजपाल
Prabhu_Chawla,प्रभु चावला
Tavleen_Singh,तवलीन सिंह
Gurdas_Maan,गुरदास मान
Shamshad_Begum,शमशाद बेगम
OP_Nayyar,ओ॰ पी॰ नय्यर
Mahendra_Kapoor,महेन्द्र कपूर
Sukhwinder_Singh,सुखविंदर सिंह
Kamal_Khan,ऑक्टोपसी
Surinder_Kaur,सुरिन्दर कौर
Gurdas_Mann,गुरदास मान
Babbu_Mann,बब्बु मान
Jaspinder_Narula,जसपिंदर नरूला
Harshdeep_Kaur,हर्षदीप कौर
Jay_Sean,जे शॉन
Miss_Pooja,मिस पूजा
Amrinder_Gill,अमरिंदर गिल
Rabbi_Shergill,रब्बी शेरगिल
Lala_Lajpat_Rai,लाला लाजपत राय
Bhai_Parmanand,भाई परमानन्द
Udham_Singh,उधम सिंह
Kartar_Singh_Sarabha,कर्तार सिंह सराभा
Sukhdev_Thapar,सुखदेव
Bhai_Mati_Das,भाई मतिदास
Baba_Gurmukh_Singh,बाबा गुरमुख सिंह
Baba_Gurdit_Singh,गुरदित्त सिंह
Baldev_Singh,बलदेव सिंह (रक्षामंत्री)
Captain_Mohan_Singh,जनरल मोहन सिंह
Sardar_Ajit_Singh,सरदार अजीत सिंह
Babbar_Akali_Movement,बब्बर अकाली आन्दोलन
Bhagwati_Charan_Vohra,भगवती चरण वोहरा
Bhai_Balmukund,भाई बालमुकुन्द
Madan_Lal_Dhingra,मदनलाल ढींगरा
Amir_Chand_Bombwal,अमीर चंद बोम्बवाल
Sewa_Singh_Thikriwala,सेवासिंह ठीकरीवाल
Sohan_Singh_Bhakna,सोहन सिंह भकना
Ghadar_Party,ग़दर पार्टी
Gulab_Kaur,गुलाब कौर
Prithvi_Singh_Azad,बाबा पृथ्वी सिंह आजाद
Saifuddin_Kitchlew,सैफुद्दीन किचलू
Ganda_Singh,गंडा सिंह
Amarinder_Singh,अमरिन्दर सिंह
Bibi_Jagir_Kaur,जगीर कौर
Buta_Singh,बूटा सिंह
Darbara_Singh,दरबारा सिंह
Giani_Zail_Singh,ज़ैल सिंह
Gulzari_Lal_Nanda,गुलज़ारीलाल नन्दा
Gurcharan_Singh_Tohra,गुरुचरण सिंह तोहड़ा
Gurdial_Singh_Dhillon,गुरूदयाल सिंह ढिल्लों
Inder_Kumar_Gujral,इन्द्र कुमार गुजराल
Krishan_Kant,कृष्ण कान्त
Madanlal_Khurana,मदन लाल खुराना
Master_Tara_Singh,मास्टर तारा सिंह
Parkash_Singh_Badal,प्रकाश सिंह बादल
Pratap_Singh_Kairon,प्रताप सिंह कैरों
Rajinder_Kaur_Bhattal,रजिन्दर कौर भट्ठल
Surjit_Singh_Barnala,सुरजीत सिंह बरनाला
Swaran_Singh,स्वर्ण सिंह
Yadavendra_Singh,यादविंदर सिंह
Lala_Amarnath,लाला अमरनाथ
Bishan_Singh_Bedi,बिशन सिंह बेदी
Yograj_Singh,योगराज सिंह
Navjot_Singh_Sidhu,नवजोत सिंह सिद्धू
Akash_Chopra,आकाश चोपड़ा
Dinesh_Mongia,दिनेश मोंगिया
Harvinder_Singh,हरविंदर सिंह
Yuvraj_Singh,युवराज सिंह
Ajitpal_Singh,अजीत पाल सिंह
Prithipal_Singh,पृथीपाल सिंह मैनी
Milkha_Singh,मिलखा सिंह
Kamaljeet_Sandhu,कमल जीत संधू
Baljinder_Singh,बलजिन्दर सिंह
Jeev_Milkha_Singh,जीव मिलखा सिंह
Jinder_Mahal,जिंदर महल
Avneet_Sidhu,अवनीत कौर सिधु
Arjun_Award,अर्जुन पुरस्कार
Satnam_Singh_Bhamara,सतनाम सिंह भमरा
Teejan_Bai,तीजनबाई
Triambak_Sharma,त्र्यम्बक शर्मा
Dada_Dharmadhikari,दादा धर्माधिकारी
BS_Moonje,बाळकृष्ण शिवराम मुंजे
Chandrashekhar_Shankar_Dharmadhikari,चंद्रशेखर शंकर धर्माधिकारी
Chakradhar_Singh,चक्रधर सिंह
Nareshchandra_Singh,नरेशचंद्र सिंह
Pravir_Chandra_Bhanj_Deo,प्रवीर चंद्र भंज देव
Pukhraj_Bafna,पुखराज बाफना
Alka_Kriplani,अलका क्रिप्लानी
Shekhar_Sen,शेखर सेन
Surendra_Dubey,सुरेंद्र दुबे
Shridhar_Venkatesh_Ketkar,श्रीधर व्यंकटेश केतकर
Habib_Tanvir,हबीब तनवीर
Vallabha_Acharya,वल्लभाचार्य
Amar_Agrawal,अमर अग्रवाल
Lakhiram_Agrawal,लखीराम अग्रवाल
Ramesh_Bais,रमेश बैस
Dinesh_Kashyap,दिनेश कश्यप
Ajit_Jogi,अजीत जोगी
Dilip_Singh_Judeo,दिलीप सिंह जूदेव
Mahendra_Karma,महेंद्र कर्मा
Banshilal_Mahto,बंशीलाल महतो
Saroj_Pandey,सरोज पांडेय
Kamla_Devi_Patle,कमला देवी पटले
Hemendra_Chandra_Singh,हेमेन्द्र चन्द्र सिंह
Raja_Nareshchandra_Singh,नरेशचंद्र सिंह
Dr._Raman_Singh,रमन सिंह
Renuka_Singh,रेणुका सिंह
Urmila_Singh,उर्मिला सिंह
Vikram_Usendi,विक्रम उसेंडी
Motilal_Vora,मोतीलाल वोरा
Ghasi_Das,गुरू घासीदास
Rajmohini_Devi,राज मोहिनी देवी
K._S._Sudarshan,के एस सुदर्शन
Leslie_Claudius,लेस्ली क्लॉडियस
Saba_Anjum_Karim,सबा अंजुम करीम
Pramod_Kamble,१२३२ ईसा पूर्व
Amol_Palekar,अमोल पालेकर
Ankush_Chaudhari,अंकुश चौधरी
Ashok_Saraf,अशोक सर्राफ
Kuldeep_Pawar,कुलदीप पवार
Mahesh_Kothare,महेश कोठारे
Makarand_Anaspure,मकरन्द अनासपुरे
Makarand_Deshpande,मकरंद देशपांडे
Milind_Gunaji,मिलिंद गुनाजी
Milind_Soman,मिलिंद सोमन
Mohan_Gokhale,मोहन गोखले
Nana_Patekar,नाना पाटेकर
Sachin_Khedekar,सचिन खेडेकर
Sachin_Pilgaonkar,सचिन (अभिनेता)
Sadashiv_Amrapurkar,सदाशिव अमरापुरकर
Sanjay_Narvekar,संजय नार्वेकर
Sayaji_Shinde,सयाजी शिंदे
Shivaji_Satham,शिवाजी साटम
Shreyas_Talpade,श्रेयस तलपड़े
Siddharth_Jadhav,सिद्धार्थ जाधव
Vikram_Gokhale,विक्रम गोखले
Aditi_Govitrikar,अदिति गोवित्रिकर
Ashwini_Bhave,अश्विनी भावे
Durga_Khote,दुर्गा खोटे
Lalita_Pawar,ललिता पवार
Leela_Chitnis,लीला चिटनिस
Madhuri_Dixit,माधुरी दीक्षित
Mamta_Kulkarni,ममता कुलकर्णी
Meena_Kumari,मीना कुमारी
Mugdha_Godse,मुग्धा गोडसे
Namrata_Shirodkar,नम्रता शिरोडकर
Padmini_Kolhapure,पद्मिनी कोल्हापुरी
Pallavi_Joshi,पल्लवी जोशी
Radhika_Apte,राधिका आप्टे
Rohini_Hattangadi,रोहिणी हट्टंगड़ी
Shraddha_Kapoor,श्रद्धा कपूर
Shilpa_Shirodkar,शिल्पा शिरोडकर
Smita_Patil,स्मिता पाटिल
Shobhana_Samarth,शोभना समर्थ
Sonali_Bendre,सोनाली बेंद्रे
Sonali_Kulkarni,सोनाली कुलकर्णी
Supriya_Pathak,सुप्रिया पाठक
Urmila_Matondkar,उर्मिला मातोंडकर
Karan_Johar,करण जौहर
Madhur_Bhandarkar,मधुर भंडारकर
Ashutosh_Gowarikar,आशुतोष गोवरिकर
Amol_Gupte,अमोल गुप्ते
Nagraj_Manjule,नागराज मंजुले
Ram_Gopal_Verma,रामगोपाल वर्मा
Ayan_Mukherjee,अयान मुखर्जी
Sanjay_Leela_Bhansali,संजय लीला भंसाली
Nanaji_Deshmukh,नानाजी देशमुख
Balasaheb_Gangadhar_Kher,बाळासाहेब गंगाधर खेर
Homi_Jehangir_Bhabha,होमी जहांगीर भाभा
Asha_Devi_Aryanayakam,आशा देवी आर्ययानाकम
Abasaheb_Garware,भालचंद्र दिगंबर गरवारे
Azim_Premji,अज़ीम प्रेमजी
Bhavarlal_Jain,भवरलाल जैन
Kiran_Karnik,किरण कार्निक
Rahul_Bajaj,राहुल बजाज
Vikram_Pandit,विक्रम पण्डित
Walchand_Hirachand,वालचन्द हीराचन्द
General_Arun_S._Vaidya,अरुण श्रीधर वैद्य
Ardeshir_Burzorji_Tarapore,लेफ्टिनेंट कर्नल ए॰ बी॰ तारापोर
Poona_Horse,द पूना हार्स
Rama_Raghoba_Rane,राम राघोबा राणे
Acharya_Atre,प्रहलाद केशव अत्रे
B._S._Mardhekar,बी. एस. मर्ढेकर
G._D._Madgulkar,गजानन दिगंबर माडगूलकर
Gangadhar_Gadgil,गंगाधर गाडगीळ
Kusumagraj,विष्णु वामन शिरवाडकर कुसुमाग्रज
Mangesh_Padgaonkar,मंगेश के. पाडगाँवकर
P._L._Deshpande,पुरुषोत्तम लक्ष्मण देशपांडे
Vasant_Abaji_Dahake,वसंत आबाजी डहाके
Vijay_Tendulkar,विजय तेंडुलकर
Vinda_Karandikar,गोविन्द विनायक करंदीकर
Babasaheb_Purandare,बलवंत मोरेश्वर पुरंदरे
Vishnu_Sakharam_Khandekar,विष्णु सखाराम खांडेकर
Abhijeet_Sawant,अभिजीत सावंत
Prabha_Atre,प्रभा अत्रे
Ashwini_Bhide,अश्विनी भिड़े-देशपांडे
Asha_Bhosle,आशा भोसले
Vasantrao_Deshpande,वसंतराव देशपांडे
Patiala_Gharana,पटियाला घराना
Bal_Gandharva,एन एस राजहंस बालगंधर्व
Suman_Kalyanpur,सुमन कल्याणपुर
Deenanath_Mangeshkar,दीनानाथ मंगेशकर
Usha_Mangeshkar,उषा मंगेशकर
Zubin_Mehta,ज़ुबिन मेहता
Sadhana_Sargam,साधना सरगम
Rahul_Vaidya,राहुल वैद्य
Suresh_Wadkar,सुरेश वाडकर
Shalmali_Kholgade,शाल्मली खोलगडे
Vijay_Salaskar,विजय सालस्कर
Hemant_Karkare,हेमंत करकरे
Ashok_Kamte,अशोक कामटे
Tukaram_Omble,तुकाराम ओम्बले
Vinayak_Damodar_Savarkar,विनायक दामोदर सावरकर
Babasaheb_Ambedkar,भीमराव आम्बेडकर
Bal_Gangadhar_Tilak,बाल गंगाधर तिलक
Gopinath_Munde,गोपीनाथ मुंडे
Ramdas_Athawale,रामदास आठवले
Prakash_Ambedkar,प्रकाश आम्बेडकर
Sharad_Pawar,शरद पवार
Ajit_Pawar,अजित पवार
Bal_Thackeray,बाल ठाकरे
Gopal_Ganesh_Agarkar,गोपाल गणेश आगरकर
Gopal_Krishna_Gokhale,गोपाल कृष्ण गोखले
Hari_Shivaram_Rajguru,राजगुरु
Manohar_Joshi,मनोहर जोशी
Narayan_Rane,नारायण राणे
Nitin_Gadkari,नितिन गडकरी
Patangrao_Kadam,पतंगराव कदम
Pramod_Mahajan,प्रमोद महाजन
Raj_Thackeray,राज ठाकरे
Senapati_Bapat,पांडुरंग महादेव बापट
Shankarrao_Chavan,शंकरराव चव्हाण
Shivraj_Patil,शिवराज पाटिल
Shripad_Amrit_Dange,श्रीपाद अमृत डांगे
Sushilkumar_Shinde,सुशील कुमार शिंदे
Uddhav_Thackeray,उद्धव ठाकरे
Vasantdada_Patil,वसंतदादा पाटील
Vilasrao_Deshmukh,विलासराव देशमुख
Yashwantrao_Chavan,यशवंतराव चव्हाण
Ganpatrao_Deshmukh,गणपतराव देशमुख
Anil_Shirole,अनिल शिरोले
Samarth_Ramdas,समर्थ रामदास
Gajanan_Maharaj,गजानन महाराज
Chokha_Mela,चोखामेला
Gora_Kumbhar,संत गोरा कुम्भार
Kanhopatra,कन्होपत्रा
Chhatrapati_Shivaji_Maharaj,शिवाजी
Madhavrao_Peshwa,माधवराव पेशवा
Rajarshi_Shahu_Maharaj,शाहू द्वितीय (कोल्हापुर)
Mahadji_Shinde,महादजी शिंदे
Malhar_Rao_Holkar,मल्हारराव होलकर
Vijay_Bhatkar,विजय भटकर
Madhav_Gadgil,माधव गाडगिल
Raghunath_Anant_Mashelkar,रघुनाथ अनंत माशेलकर
Jayant_Narlikar,जयन्त विष्णु नार्लीकर
Shekhar_C._Mande,शेखर सी. मांडे
Shreeram_Shankar_Abhyankar,श्रीराम शंकर अभयंकर
Shrinivas_Kulkarni,श्रीनिवास कुलकर्णी
Abhay_Ashtekar,अभय अष्टेकर
Subhash_Khot,सुभाष खोत
Anandi_Gopal_Joshi,आनंदीबाई जोशी
Baba_Amte,बाबा आमटे
Pandurang_Shastri_Athavale,पांडुरंग शास्त्री आठवले
Sindhutai_Sapkal,सिन्धुताई सपकाल
Mahatma_Jyotiba_Phule,ज्योतिराव गोविंदराव फुले
Dhondo_Keshav_Karve,धोंडो केशव कर्वे
Banoo_Jehangir_Coyaji,बानू जहाँगीर कोयाजी
Anna_Hazare,अन्ना हजारे
Medha_Patkar,मेधा पाटकर
Savitribai_Phule,सावित्रीबाई फुले
Vinoba_Bhave,विनोबा भावे
Bhaurao_Patil,भाउराव पायगोंडा पाटिल
Lokmanya_Tilak,बाल गंगाधर तिलक
Aparna_Popat,अपर्णा पोपट
Ajinkya_Rahane,अजिंक्य रहाणे
Ajit_Agarkar,अजीत आगरकर
Chandrakant_Pandit,चन्द्रकांत पण्डित
Chandu_Borde,चंदू बोर्डे
Dilip_Vengsarkar,दिलीप वेंगसरकर
Kedar_Jadhav,केदार जाधव
Pravin_Amre,प्रवीण आमरे
Ravi_Shastri,रवि शास्त्री
Sachin_Tendulkar,सचिन तेंदुलकर
Salil_Ankola,सलिल अंकोला
Sanjay_Bangar,संजय बांगर
Sunil_Gavaskar,सुनील गावस्कर
Sandip_Patil,संदीप मधुसूदन पाटिल
Vijay_Hazare,विजय हजारे
Vijay_Manjrekar,विजय मांजरेकर
Vijay_Merchant,विजय मर्चेंट
Vinod_Kambli,विनोद काम्बली
Vinoo_Mankad,वीनू हिम्मतलाल माँकड़
Zaheer_Khan,ज़हीर ख़ान
Rohit_Sharma,रोहित शर्मा
Anjali_Ved_Pathak_Bhagwat,अंजली भगवत
Tejaswini_Sawant,तेजस्विनी सावंत
